,Employee_Name,EmpID,MarriedID,MaritalStatusID,GenderID,EmpStatusID,DeptID,PerfScoreID,FromDiversityJobFairID,Salary,Termd,PositionID,Position,State,Zip,DOB,Sex,MaritalDesc,CitizenDesc,HispanicLatino,RaceDesc,DateofHire,DateofTermination,TermReason,EmploymentStatus,Department,ManagerName,ManagerID,RecruitmentSource,PerformanceScore,EngagementSurvey,EmpSatisfaction,SpecialProjectsCount,LastPerformanceReview_Date,DaysLateLast30,Absences,date,Remuneration,Age,Date_of_Birth
0,"Adinolfi, Wilson  K",10026.0,0.0,0.0,1.0,1.0,5.0,4.0,,"62,506.00",0.0,19.0,Production Technician I,MA,1960.0,07/10/83,F,Single,,No,White,7/5/2011,,Terminated,Active,Production       ,Michael Albert,22.0,LinkedIn,Exceeds,4.6,5.0,,1/17/2019,0.0,1.0,,"62,506.00",,
1,,10084.0,,1.0,1.0,5.0,3.0,3.0,0.0,"104,437.00",1.0,27.0,Sr. DBA,MA,2148.0,05/05/75,M ,Married,US Citizen,No,White,,6/16/2016,,Voluntarily Terminated,IT/IS,Simon Roup,4.0,Indeed,Fully Meets,4.96,3.0,6.0,,,17.0,,"104,437.00",,
2,"Akinkuolie, Sarah",10196.0,1.0,1.0,0.0,5.0,5.0,3.0,,"64,955.00",1.0,20.0,Production Technician II,MA,1810.0,09/19/88,F,Married,,No,,,9/24/2012,hours,Voluntarily Terminated,Production       ,Kissy Sullivan,20.0,LinkedIn,Fully Meets,3.02,3.0,0.0,5/15/2012,,3.0,,"64,955.00",,
3,"Alagbe,Trina",10088.0,1.0,1.0,0.0,1.0,5.0,3.0,0.0,"64,991.00",0.0,19.0,Production Technician I,MA,1886.0,09/27/88,F,Married,US Citizen,No,,1/7/2008,,Terminated,Active,Production       ,Elijiah Gray,16.0,,Fully Meets,4.84,5.0,0.0,1/3/2019,,15.0,,"64,991.00",,
4,"Anderson, Carol ",10069.0,0.0,2.0,0.0,5.0,5.0,3.0,,"50,825.00",1.0,19.0,Production Technician I,MA,2169.0,09/08/89,F,Divorced,US Citizen,No,White,7/11/2011,9/6/2016,return to school,Voluntarily Terminated,Production       ,Webster Butler,39.0,Google Search,Fully Meets,5.0,4.0,0.0,2/1/2016,0.0,2.0,,"50,825.00",,
5,"Anderson, Linda  ",10002.0,0.0,0.0,0.0,1.0,5.0,4.0,,"57,568.00",0.0,19.0,Production Technician I,MA,1844.0,05/22/77,F,Single,,No,White,1/9/2012,,N/A-StillEmployed,Active,Production       ,Amy Dunn,11.0,,Exceeds,5.0,5.0,,1/7/2019,,15.0,,"57,568.00",,
6,"Andreola, Colby",10194.0,0.0,0.0,0.0,1.0,4.0,,,"95,660.00",0.0,24.0,Software Engineer,MA,2110.0,05/24/79,M,Single,,No,White,11/10/2014,,Terminated,Active,Software Engineering,,10.0,LinkedIn,Fully Meets,3.04,3.0,4.0,1/2/2019,,19.0,,"95,660.00",,
7,,10062.0,0.0,4.0,1.0,1.0,5.0,3.0,0.0,"59,365.00",0.0,19.0,Production Technician I,MA,2199.0,02/18/83,M ,Widowed,US Citizen,No,White,9/30/2013,,N/A-StillEmployed,Active,Production       ,Ketsia Liebig,19.0,,Fully Meets,5.0,4.0,,2/25/2019,0.0,19.0,,"59,365.00",,
8,"Bachiochi, Linda",10114.0,0.0,0.0,0.0,3.0,5.0,3.0,,"47,837.00",0.0,19.0,Production Technician I,MA,1902.0,02/11/70,F,Single,US Citizen,No,Black or African American,7/6/2009,,N/A-StillEmployed,Active,Production       ,Brannon Miller,12.0,Diversity Job Fair,Fully Meets,4.46,3.0,,1/25/2019,0.0,4.0,,"47,837.00",,
9,,10250.0,0.0,2.0,1.0,1.0,3.0,3.0,0.0,"50,178.00",0.0,14.0,IT Support,MA,1886.0,01/07/88,,Divorced,US Citizen,No,White,1/5/2015,,Terminated,Active,IT/IS,,7.0,Indeed,Fully Meets,5.0,5.0,,2/18/2019,0.0,16.0,,"50,178.00",,
10,,10252.0,1.0,1.0,0.0,5.0,5.0,3.0,1.0,"54,670.00",1.0,19.0,Production Technician I,MA,1902.0,01/12/74,F,Married,US Citizen,Yes,Black or African American,1/10/2011,1/12/2017,Another position,Voluntarily Terminated,,David Stanley,14.0,Diversity Job Fair,Fully Meets,4.2,4.0,,1/30/2016,,12.0,,"54,670.00",,
11,,10242.0,1.0,1.0,1.0,5.0,5.0,3.0,,"47,211.00",1.0,19.0,Production Technician I,MA,2062.0,02/21/74,,Married,US Citizen,Yes,Black or African American,4/2/2012,9/19/2016,unhappy,Voluntarily Terminated,,,20.0,Diversity Job Fair,Fully Meets,4.2,3.0,0.0,5/6/2016,,15.0,,"47,211.00",,"Twenty-Fourth November, 1987"
12,"Barbossa, Hector",10012.0,0.0,2.0,1.0,1.0,3.0,,,"92,328.00",0.0,9.0,Data Analyst,TX,78230.0,07/04/88,M ,Divorced,US Citizen,No,,11/10/2014,,Terminated,Active,,Simon Roup,4.0,Diversity Job Fair,Exceeds,4.28,4.0,,,,9.0,,"92,328.00",,
13,"Barone, Francesco  A",10265.0,0.0,0.0,1.0,1.0,5.0,3.0,,"58,709.00",0.0,19.0,Production Technician I,MA,1810.0,07/20/83,,Single,,No,Two or more races,2/20/2012,,Terminated,Active,,,18.0,Google Search,Fully Meets,4.6,4.0,,,0.0,7.0,,"58,709.00",,
14,"Barton, Nader",10066.0,,2.0,1.0,5.0,5.0,3.0,,"52,505.00",1.0,19.0,Production Technician I,MA,2747.0,07/15/77,,Divorced,US Citizen,No,White,9/24/2012,4/6/2017,Another position,Voluntarily Terminated,Production       ,Michael Albert,22.0,On-line Web application,Fully Meets,5.0,5.0,0.0,3/2/2017,,1.0,,"52,505.00",,
15,"Bates, Norman",10061.0,0.0,0.0,1.0,4.0,5.0,,,"57,834.00",1.0,19.0,Production Technician I,MA,2050.0,10/18/81,,Single,US Citizen,No,White,,8/4/2017,attendance,Terminated for Cause,,,18.0,,Fully Meets,5.0,4.0,,4/5/2017,0.0,20.0,,"57,834.00",,
16,"Beak, Kimberly  ",10023.0,1.0,1.0,0.0,2.0,5.0,4.0,,"70,131.00",0.0,20.0,Production Technician II,MA,2145.0,04/17/66,F,Married,US Citizen,No,White,7/21/2016,,,Active,,Kelley Spirea,18.0,Employee Referral,Exceeds,4.4,3.0,0.0,,0.0,16.0,,"70,131.00",,
17,"Beatrice, Courtney ",10055.0,0.0,0.0,0.0,1.0,5.0,3.0,,"59,026.00",0.0,19.0,Production Technician I,MA,1915.0,10/27/70,M,Single,Eligible NonCitizen,No,White,4/4/2011,,N/A-StillEmployed,Active,,Elijiah Gray,16.0,Google Search,Fully Meets,5.0,5.0,0.0,1/14/2019,0.0,12.0,,"59,026.00",,
18,"Becker, Renee",10245.0,,0.0,0.0,4.0,3.0,3.0,,"110,000.00",1.0,8.0,Database Administrator,MA,2026.0,04/04/86,,Single,US Citizen,Yes,,,9/12/2015,performance,Terminated for Cause,,Simon Roup,4.0,Google Search,Fully Meets,4.5,4.0,5.0,1/15/2015,0.0,8.0,,"110,000.00",,
19,,10277.0,0.0,0.0,1.0,3.0,5.0,3.0,,"53,250.00",0.0,19.0,Production Technician I,MA,2452.0,04/06/79,F,Single,US Citizen,No,,7/8/2013,,,Active,,Webster Butler,,LinkedIn,Fully Meets,4.2,4.0,0.0,1/11/2019,0.0,13.0,,"53,250.00",,
20,,10046.0,0.0,0.0,1.0,1.0,5.0,3.0,0.0,"51,044.00",0.0,19.0,Production Technician I,MA,2072.0,12/22/70,M ,Single,,Yes,White,,,N/A-StillEmployed,Active,,,11.0,,Fully Meets,5.0,3.0,,1/14/2019,0.0,13.0,,"51,044.00",,
21,"Biden, Lowan  M",10226.0,0.0,2.0,0.0,1.0,5.0,3.0,,"64,919.00",0.0,19.0,Production Technician I,MA,2027.0,12/27/58,F,Divorced,US Citizen,No,,,,Terminated,Active,Production       ,Ketsia Liebig,19.0,,Fully Meets,4.2,3.0,,,,2.0,,"64,919.00",,
22,,10003.0,,1.0,0.0,1.0,5.0,4.0,,"62,910.00",0.0,19.0,Production Technician I,MA,2031.0,09/01/89,M,Married,,No,White,7/7/2014,,Terminated,Active,Production       ,Brannon Miller,12.0,Indeed,Exceeds,5.0,3.0,0.0,2/27/2019,0.0,19.0,,"62,910.00",,
23,"Blount, Dianna",10294.0,0.0,0.0,0.0,1.0,5.0,2.0,0.0,"66,441.00",0.0,20.0,Production Technician II,MA,2171.0,09/21/90,,Single,US Citizen,No,White,4/4/2011,,,Active,Production       ,,22.0,CareerBuilder,Needs Improvement,2.0,3.0,0.0,,2.0,3.0,,"66,441.00",,
24,,10267.0,0.0,0.0,0.0,5.0,5.0,3.0,0.0,"57,815.00",1.0,20.0,Production Technician II,MA,2210.0,01/16/67,F,Single,US Citizen,No,White,1/10/2011,4/4/2014,career change,Voluntarily Terminated,Production       ,Elijiah Gray,16.0,Google Search,Fully Meets,4.8,5.0,0.0,3/4/2014,0.0,5.0,,"57,815.00",,
25,"Booth, Frank",10199.0,0.0,0.0,1.0,4.0,3.0,3.0,0.0,"103,613.00",1.0,30.0,Enterprise Architect,CT,6033.0,07/30/64,M ,Single,US Citizen,No,Black or African American,,2/19/2016,Learned that he is a gangster,Terminated for Cause,,Simon Roup,4.0,LinkedIn,Fully Meets,3.5,5.0,,1/10/2016,,2.0,,"103,613.00",,
26,,10081.0,1.0,1.0,0.0,1.0,1.0,3.0,,"106,367.00",0.0,26.0,Sr. Accountant,MA,2468.0,04/04/87,M,Married,US Citizen,No,Black or African American,2/16/2015,,N/A-StillEmployed,Active,Admin Offices,Brandon R. LeBlanc,3.0,Diversity Job Fair,Fully Meets,5.0,4.0,,2/18/2019,0.0,4.0,,"106,367.00",,
27,,10175.0,0.0,0.0,1.0,5.0,5.0,3.0,,"74,312.00",1.0,18.0,Production Manager,MA,1901.0,03/10/70,F,Single,US Citizen,No,Asian,9/30/2013,,retiring,Voluntarily Terminated,,,2.0,Indeed,Fully Meets,3.39,3.0,,2/20/2014,,14.0,,"74,312.00",,
28,,10177.0,1.0,1.0,0.0,5.0,5.0,3.0,,"53,492.00",1.0,19.0,Production Technician I,MA,1701.0,08/24/90,M,Married,US Citizen,No,,,6/15/2013,,Voluntarily Terminated,,,14.0,Google Search,Fully Meets,3.35,4.0,,3/4/2013,,6.0,,"53,492.00",,
29,,10238.0,1.0,1.0,0.0,1.0,1.0,3.0,,"63,000.00",0.0,1.0,Accountant I,MA,1450.0,11/24/87,M,Married,,No,Black or African American,10/27/2008,,Terminated,Active,Admin Offices,,1.0,Diversity Job Fair,Fully Meets,4.5,2.0,,,0.0,14.0,,"63,000.00",,
30,"Buccheri, Joseph  ",10184.0,,0.0,1.0,1.0,5.0,3.0,0.0,"65,288.00",0.0,20.0,Production Technician II,MA,1013.0,07/28/83,,Single,US Citizen,No,White,9/29/2014,,N/A-StillEmployed,Active,,Webster Butler,,,Fully Meets,3.19,3.0,0.0,,0.0,9.0,,"65,288.00",,
31,"Bugali, Josephine ",10203.0,0.0,3.0,0.0,3.0,5.0,3.0,1.0,"64,375.00",0.0,19.0,Production Technician I,MA,2043.0,10/30/69,F,Separated,US Citizen,No,Black or African American,11/11/2013,,Terminated,Active,Production       ,Kissy Sullivan,20.0,Diversity Job Fair,Fully Meets,3.5,5.0,0.0,1/21/2019,0.0,17.0,,"64,375.00",,
32,,10188.0,1.0,1.0,0.0,5.0,6.0,3.0,,"74,326.00",1.0,3.0,Area Sales Manager,VA,21851.0,06/01/64,F,Married,Eligible NonCitizen,No,Black or African American,8/15/2011,8/2/2014,,Voluntarily Terminated,Sales,John Smith,17.0,Google Search,Fully Meets,3.14,5.0,0.0,2/10/2013,,19.0,,"74,326.00",,
33,"Burke, Joelle",10107.0,,0.0,0.0,1.0,5.0,3.0,,"63,763.00",0.0,20.0,Production Technician II,MA,2148.0,03/02/80,M,Single,US Citizen,No,Black or African American,3/5/2012,,Terminated,Active,Production       ,Amy Dunn,11.0,Employee Referral,Fully Meets,4.51,4.0,0.0,2/21/2019,,3.0,,"63,763.00",,
34,,10181.0,1.0,1.0,1.0,1.0,5.0,3.0,,"62,162.00",0.0,20.0,Production Technician II,MA,1890.0,08/19/77,M ,Married,US Citizen,No,White,4/4/2011,,Terminated,Active,,Ketsia Liebig,19.0,Indeed,Fully Meets,3.25,5.0,0.0,,0.0,15.0,,"62,162.00",,
35,,10150.0,0.0,0.0,1.0,1.0,4.0,3.0,,"77,692.00",0.0,25.0,Software Engineering Manager,MA,2184.0,11/22/66,M ,Single,US Citizen,No,White,,,N/A-StillEmployed,Active,Software Engineering,Jennifer Zamora,5.0,,Fully Meets,3.84,3.0,5.0,1/21/2019,0.0,4.0,,"77,692.00",,
36,"Candie, Calvin",10001.0,,0.0,1.0,1.0,5.0,4.0,,"72,640.00",0.0,18.0,Production Manager,MA,2169.0,08/09/83,M ,Single,US Citizen,No,White,,,Terminated,Active,,,2.0,,Exceeds,5.0,3.0,,2/22/2019,,14.0,,"72,640.00",,
37,"Carabbio, Judith",10085.0,0.0,0.0,0.0,1.0,4.0,3.0,0.0,"93,396.00",0.0,24.0,Software Engineer,MA,2132.0,04/05/87,F,Single,US Citizen,No,White,,,Terminated,Active,Software Engineering,Alex Sweetwater,10.0,,Fully Meets,4.96,4.0,6.0,1/30/2019,,3.0,,"93,396.00",,
38,"Carey, Michael  ",10115.0,0.0,0.0,1.0,1.0,5.0,,0.0,"52,846.00",0.0,19.0,Production Technician I,MA,1701.0,02/02/83,M ,Single,,No,Black or African American,3/31/2014,,,Active,,,18.0,LinkedIn,Fully Meets,4.43,3.0,0.0,,0.0,14.0,,"52,846.00",,
39,,10082.0,0.0,0.0,0.0,2.0,3.0,3.0,0.0,"100,031.00",0.0,27.0,Sr. DBA,MA,1886.0,06/06/86,F,Single,,No,Black or African American,,,N/A-StillEmployed,Active,,Simon Roup,4.0,,Fully Meets,5.0,5.0,,2/18/2019,0.0,7.0,,"100,031.00",,
40,"Carter, Michelle ",10040.0,0.0,0.0,0.0,1.0,6.0,3.0,0.0,"71,860.00",0.0,3.0,Area Sales Manager,VT,5664.0,05/15/63,,Single,,No,,8/18/2014,,N/A-StillEmployed,Active,Sales,John Smith,17.0,Indeed,Fully Meets,5.0,5.0,0.0,1/21/2019,,7.0,,"71,860.00",,
41,"Chace, Beatrice ",10067.0,,0.0,0.0,1.0,5.0,3.0,,"61,656.00",0.0,19.0,Production Technician I,MA,2763.0,01/02/51,,Single,US Citizen,No,White,9/29/2014,,N/A-StillEmployed,Active,Production       ,Michael Albert,22.0,Google Search,Fully Meets,5.0,4.0,,2/12/2019,,11.0,,"61,656.00",,
42,"Champaigne, Brian",10108.0,1.0,1.0,1.0,1.0,3.0,,,"110,929.00",0.0,5.0,BI Director,MA,2045.0,02/09/72,M ,Married,US Citizen,No,White,,,N/A-StillEmployed,Active,,,5.0,Indeed,Fully Meets,4.5,5.0,,1/15/2019,0.0,8.0,,"110,929.00",,
43,"Chan, Lin",10210.0,0.0,0.0,0.0,1.0,5.0,3.0,,"54,237.00",0.0,19.0,Production Technician I,MA,2170.0,02/12/79,F,Single,US Citizen,No,,5/12/2014,,Terminated,Active,Production       ,,16.0,Indeed,Fully Meets,3.3,4.0,0.0,2/19/2019,0.0,11.0,,"54,237.00",,
44,,10154.0,0.0,0.0,1.0,1.0,5.0,3.0,0.0,"60,380.00",0.0,19.0,Production Technician I,MA,1845.0,08/24/83,M ,Single,,No,White,,,N/A-StillEmployed,Active,Production       ,Webster Butler,,LinkedIn,Fully Meets,3.8,5.0,0.0,1/14/2019,0.0,4.0,,"60,380.00",,Invalid Date
45,"Chigurh, Anton",10200.0,0.0,0.0,1.0,1.0,6.0,3.0,,"66,808.00",0.0,3.0,Area Sales Manager,TX,78207.0,06/11/70,M ,Single,Eligible NonCitizen,No,Black or African American,,,N/A-StillEmployed,Active,Sales,Lynn Daneault,21.0,Employee Referral,Fully Meets,3.0,5.0,,1/19/2019,,17.0,,"66,808.00",,Invalid Date
46,"Chivukula, Enola",10240.0,,0.0,0.0,5.0,5.0,,,"64,786.00",1.0,19.0,Production Technician I,MA,1775.0,08/27/83,F,Single,US Citizen,No,White,,11/15/2015,relocation out of area,Voluntarily Terminated,Production       ,,11.0,Indeed,Fully Meets,4.3,4.0,0.0,3/10/2015,,3.0,,"64,786.00",,
47,"CIERPISZEWSKI, CAROLINE  ",10168.0,,0.0,0.0,1.0,5.0,3.0,0.0,"64,816.00",0.0,19.0,Production Technician I,MA,2044.0,05/31/88,F,Single,Non-Citizen,No,Black or African American,10/3/2011,,N/A-StillEmployed,Active,Production       ,Ketsia Liebig,19.0,,Fully Meets,3.58,5.0,0.0,,0.0,3.0,,"64,816.00",,
48,"Clayton, Rick",10220.0,0.0,0.0,1.0,1.0,3.0,,0.0,"68,678.00",0.0,14.0,IT Support,MA,2170.0,09/05/85,M ,Single,US Citizen,No,,9/5/2012,,Terminated,Active,IT/IS,Eric Dougall,6.0,Indeed,Fully Meets,4.7,3.0,,,,2.0,,"68,678.00",,
49,"Cloninger, Jennifer",10275.0,1.0,1.0,0.0,5.0,5.0,3.0,0.0,"64,066.00",1.0,20.0,Production Technician II,MA,1752.0,08/31/81,M,Married,US Citizen,No,,,1/7/2013,unhappy,Voluntarily Terminated,,Brannon Miller,12.0,Google Search,Fully Meets,4.2,5.0,0.0,,0.0,9.0,,"64,066.00",,
50,,10269.0,1.0,1.0,1.0,5.0,5.0,3.0,0.0,"59,369.00",1.0,20.0,Production Technician II,MA,2169.0,11/25/78,,Married,,No,White,8/30/2010,9/26/2011,career change,Voluntarily Terminated,,David Stanley,14.0,Indeed,Fully Meets,4.2,4.0,0.0,,0.0,6.0,,"59,369.00",,
51,,10029.0,,1.0,1.0,2.0,5.0,4.0,0.0,"50,373.00",0.0,19.0,Production Technician I,MA,2134.0,08/26/80,F,Married,,No,,7/6/2016,,,Active,Production       ,Brannon Miller,12.0,Employee Referral,Exceeds,4.1,4.0,,,0.0,5.0,,"50,373.00",,
52,,10261.0,0.0,0.0,1.0,1.0,5.0,3.0,0.0,"63,108.00",0.0,19.0,Production Technician I,MA,2452.0,09/08/77,F,Single,US Citizen,No,White,7/8/2013,,,Active,Production       ,,14.0,,Fully Meets,4.4,5.0,0.0,1/14/2019,,3.0,,"63,108.00",,
53,,10292.0,0.0,0.0,1.0,4.0,5.0,2.0,0.0,"59,144.00",1.0,19.0,Production Technician I,MA,1880.0,08/12/79,,Single,,No,Black or African American,7/11/2011,9/23/2016,performance,Terminated for Cause,Production       ,,20.0,,Needs Improvement,2.0,3.0,,,,16.0,,"59,144.00",,
54,,10282.0,0.0,2.0,1.0,1.0,5.0,2.0,0.0,"68,051.00",0.0,18.0,Production Manager,MA,1803.0,12/17/75,,Divorced,US Citizen,No,White,7/20/2010,,N/A-StillEmployed,Active,Production       ,Janet King,2.0,CareerBuilder,Needs Improvement,4.13,2.0,0.0,1/14/2019,3.0,3.0,,"68,051.00",,
55,,10019.0,0.0,0.0,1.0,1.0,5.0,4.0,0.0,"170,500.00",0.0,10.0,Director of Operations,MA,2030.0,03/19/83,F,Single,US Citizen,No,Black or African American,1/5/2009,,,Active,Production       ,Janet King,2.0,Indeed,Exceeds,3.7,5.0,0.0,2/4/2019,0.0,15.0,,"170,500.00",,
56,,10094.0,1.0,1.0,0.0,1.0,5.0,3.0,,"63,381.00",0.0,19.0,Production Technician I,MA,2189.0,03/31/77,F,Married,US Citizen,Yes,White,,,Terminated,Active,Production       ,,18.0,Indeed,Fully Meets,4.73,5.0,0.0,2/14/2019,0.0,6.0,,"63,381.00",,
57,"Costello, Frank",10193.0,1.0,1.0,1.0,1.0,3.0,3.0,,"83,552.00",0.0,9.0,Data Analyst,MA,1810.0,08/26/86,F,Married,US Citizen,No,White,3/30/2015,,Terminated,Active,,Simon Roup,4.0,Indeed,Fully Meets,3.04,3.0,6.0,1/22/2019,0.0,2.0,,"83,552.00",,"Twenty-Fourth November, 1987"
58,"Crimmings,   Jean",10132.0,0.0,0.0,0.0,2.0,5.0,3.0,0.0,"56,149.00",0.0,19.0,Production Technician I,MA,1821.0,04/10/87,M,Single,US Citizen,No,White,7/6/2016,,N/A-StillEmployed,Active,,,22.0,LinkedIn,Fully Meets,4.12,5.0,0.0,1/28/2019,0.0,15.0,,"56,149.00",,
59,,10083.0,0.0,0.0,1.0,1.0,3.0,3.0,0.0,"92,329.00",0.0,28.0,Sr. Network Engineer,CT,6278.0,09/09/65,M ,Single,US Citizen,No,White,11/10/2014,,N/A-StillEmployed,Active,IT/IS,Peter Monroe,7.0,Employee Referral,Fully Meets,5.0,3.0,,1/2/2019,0.0,5.0,,"92,329.00",,
60,"Daneault, Lynn",10099.0,,0.0,0.0,1.0,6.0,3.0,0.0,"65,729.00",0.0,21.0,Sales Manager,VT,5473.0,04/19/90,M,Single,US Citizen,No,White,5/5/2014,,Terminated,Active,,Debra Houlihan,15.0,Indeed,Fully Meets,4.62,4.0,0.0,1/24/2019,0.0,8.0,,"65,729.00",,
61,"Daniele, Ann  ",10212.0,1.0,1.0,0.0,3.0,3.0,3.0,0.0,"85,028.00",0.0,28.0,Sr. Network Engineer,CT,6033.0,01/18/52,F,Married,US Citizen,No,,11/10/2014,,Terminated,Active,,Peter Monroe,7.0,LinkedIn,Fully Meets,3.1,5.0,8.0,2/12/2019,,19.0,,"85,028.00",,
62,"Darson, Jene'ya ",10056.0,,1.0,0.0,1.0,5.0,3.0,,"57,583.00",0.0,19.0,Production Technician I,MA,2110.0,11/05/78,F,Married,US Citizen,No,White,7/2/2012,,Terminated,Active,Production       ,Elijiah Gray,16.0,Indeed,Fully Meets,5.0,3.0,0.0,2/25/2019,0.0,1.0,,"57,583.00",,
63,,10143.0,0.0,0.0,1.0,1.0,5.0,3.0,0.0,"56,294.00",0.0,20.0,Production Technician II,MA,2458.0,09/14/79,,Single,,No,Two or more races,11/7/2011,,Terminated,Active,Production       ,,20.0,LinkedIn,Fully Meets,3.96,4.0,,2/27/2019,0.0,6.0,,"56,294.00",,
64,,10311.0,1.0,1.0,1.0,1.0,6.0,1.0,0.0,"56,991.00",0.0,19.0,Production Technician I,MA,2138.0,04/15/88,,Married,US Citizen,No,White,7/9/2018,,Terminated,Active,Production       ,Brannon Miller,12.0,Indeed,Fully Meets,4.3,4.0,3.0,1/31/2019,2.0,2.0,,"56,991.00",,
65,"DeGweck,  James",10070.0,1.0,1.0,1.0,5.0,5.0,,0.0,"55,722.00",1.0,19.0,Production Technician I,MA,1810.0,10/31/77,,Married,US Citizen,No,,5/16/2011,6/8/2016,unhappy,Voluntarily Terminated,,Webster Butler,39.0,Indeed,Fully Meets,5.0,4.0,0.0,4/2/2016,,14.0,,"55,722.00",,
66,,10155.0,0.0,0.0,0.0,1.0,4.0,3.0,,"101,199.00",0.0,24.0,Software Engineer,MA,2176.0,07/05/79,F,Single,US Citizen,No,Black or African American,1/9/2012,,Terminated,Active,Software Engineering,Alex Sweetwater,10.0,CareerBuilder,Fully Meets,3.79,5.0,,,,8.0,,"101,199.00",,
67,,10306.0,0.0,0.0,1.0,1.0,6.0,1.0,,"61,568.00",0.0,3.0,Area Sales Manager,AL,36006.0,11/02/75,F,Single,US Citizen,No,Two or more races,9/29/2014,,N/A-StillEmployed,Active,Sales,John Smith,17.0,Indeed,PIP,1.93,3.0,0.0,,,5.0,,"61,568.00",,
68,"Demita, Carla",10100.0,0.0,3.0,0.0,5.0,5.0,3.0,,"58,275.00",1.0,20.0,Production Technician II,MA,2343.0,02/25/51,M,Separated,US Citizen,No,Black or African American,4/4/2011,11/4/2015,more money,Voluntarily Terminated,,Kelley Spirea,18.0,,Fully Meets,4.62,5.0,0.0,,0.0,1.0,,"58,275.00",,
69,,10310.0,1.0,1.0,1.0,1.0,5.0,1.0,,"53,189.00",0.0,19.0,Production Technician I,MA,2061.0,04/19/67,F,Married,,No,White,7/7/2014,,N/A-StillEmployed,Active,,Amy Dunn,11.0,Indeed,PIP,1.12,2.0,,,4.0,9.0,,"53,189.00",,
70,,10197.0,0.0,0.0,1.0,1.0,3.0,3.0,,"96,820.00",0.0,4.0,BI Developer,MA,2045.0,09/04/83,M ,Single,US Citizen,No,White,,,,Active,IT/IS,Brian Champaigne,13.0,Indeed,Fully Meets,3.01,5.0,,1/23/2019,,15.0,,"96,820.00",,
71,"Dickinson, Geoff ",10276.0,0.0,0.0,1.0,1.0,5.0,3.0,0.0,"51,259.00",0.0,19.0,Production Technician I,MA,2180.0,11/15/82,,Single,US Citizen,No,,5/12/2014,,Terminated,Active,Production       ,,19.0,Indeed,Fully Meets,4.3,4.0,0.0,,,1.0,,"51,259.00",,
72,"Dietrich, Jenna  ",10304.0,,0.0,0.0,1.0,6.0,1.0,0.0,"59,231.00",0.0,3.0,Area Sales Manager,WA,98052.0,05/14/87,,Single,US Citizen,Yes,White,2/20/2012,,,Active,Sales,John Smith,17.0,Website,PIP,2.3,1.0,0.0,,2.0,17.0,,"59,231.00",,
73,,10284.0,1.0,1.0,0.0,1.0,5.0,2.0,,"61,584.00",0.0,19.0,Production Technician I,MA,2351.0,12/02/78,,Married,US Citizen,No,,1/7/2013,,N/A-StillEmployed,Active,Production       ,,12.0,Indeed,Needs Improvement,3.88,4.0,,1/18/2019,,6.0,,"61,584.00",,
74,,10207.0,0.0,0.0,0.0,1.0,5.0,3.0,0.0,"46,335.00",0.0,19.0,Production Technician I,MA,2125.0,10/07/86,,Single,,Yes,,4/2/2012,,Terminated,Active,,David Stanley,14.0,CareerBuilder,Fully Meets,3.4,5.0,0.0,,0.0,15.0,,"46,335.00",,
75,,10133.0,,1.0,0.0,1.0,3.0,3.0,,"70,621.00",0.0,14.0,IT Support,MA,2119.0,07/18/88,,Married,US Citizen,No,White,1/5/2015,,,Active,,Peter Monroe,7.0,Employee Referral,Fully Meets,4.11,4.0,,2/25/2019,,16.0,,"70,621.00",,
76,,10028.0,0.0,0.0,1.0,1.0,3.0,4.0,,"138,888.00",0.0,13.0,IT Manager - Support,MA,1886.0,07/09/70,M ,Single,US Citizen,No,Black or African American,,,N/A-StillEmployed,Active,,Jennifer Zamora,5.0,,Exceeds,4.3,5.0,,1/4/2019,0.0,4.0,,"138,888.00",,
77,"Driver, Elle",10006.0,0.0,0.0,0.0,1.0,6.0,4.0,0.0,"74,241.00",0.0,3.0,Area Sales Manager,CA,90007.0,11/08/88,M,Single,US Citizen,No,White,1/10/2011,,N/A-StillEmployed,Active,,Lynn Daneault,21.0,Indeed,Exceeds,4.77,5.0,0.0,,,14.0,,"74,241.00",,
78,,10105.0,0.0,0.0,0.0,1.0,5.0,3.0,0.0,"75,188.00",0.0,18.0,Production Manager,MA,1731.0,11/28/73,F,Single,,No,White,,,,Active,,Janet King,2.0,Google Search,Fully Meets,4.52,4.0,0.0,,,4.0,,"75,188.00",,Invalid Date
79,,10211.0,1.0,1.0,0.0,1.0,5.0,3.0,0.0,"62,514.00",0.0,19.0,Production Technician I,MA,1749.0,09/23/73,,Married,,No,White,,,,Active,Production       ,,19.0,Google Search,Fully Meets,2.9,3.0,0.0,1/21/2019,,6.0,,"62,514.00",,
80,,10064.0,1.0,1.0,0.0,5.0,5.0,,,"60,070.00",1.0,19.0,Production Technician I,MA,2343.0,09/05/91,F,Married,US Citizen,No,White,,6/6/2017,military,Voluntarily Terminated,Production       ,Kissy Sullivan,20.0,,Fully Meets,5.0,3.0,,4/9/2017,,7.0,,"60,070.00",,
81,,10247.0,,0.0,1.0,1.0,5.0,3.0,0.0,"48,888.00",0.0,19.0,Production Technician I,MA,2026.0,05/31/74,M ,Single,US Citizen,No,White,,,Terminated,Active,,Kelley Spirea,18.0,,Fully Meets,4.7,5.0,,2/13/2019,,8.0,,"48,888.00",,"Twenty-Fourth November, 1987"
82,,10235.0,1.0,1.0,1.0,1.0,5.0,3.0,0.0,"54,285.00",0.0,19.0,Production Technician I,MA,2045.0,08/25/78,,Married,US Citizen,No,White,3/31/2014,,N/A-StillEmployed,Active,Production       ,,18.0,Employee Referral,Fully Meets,4.2,3.0,0.0,,0.0,3.0,,"54,285.00",,
83,"Erilus, Angela",10299.0,0.0,3.0,0.0,1.0,5.0,1.0,0.0,"56,847.00",0.0,20.0,Production Technician II,MA,2133.0,08/25/89,M,Separated,US Citizen,No,White,7/7/2014,,,Active,Production       ,,22.0,Indeed,PIP,3.0,1.0,0.0,2/25/2019,2.0,5.0,,"56,847.00",,
84,,10280.0,0.0,0.0,1.0,4.0,5.0,2.0,0.0,"60,340.00",1.0,19.0,Production Technician I,MA,2129.0,09/02/83,,Single,US Citizen,No,White,,9/27/2018,,Terminated for Cause,,Michael Albert,22.0,Google Search,Needs Improvement,5.0,4.0,,4/12/2018,5.0,16.0,,"60,340.00",,"Twenty-Fourth November, 1987"
85,,10296.0,0.0,0.0,0.0,4.0,5.0,2.0,0.0,"59,124.00",1.0,19.0,Production Technician I,MA,2458.0,05/06/89,M,Single,US Citizen,No,White,,2/25/2018,"no-call, no-show",Terminated for Cause,Production       ,Elijiah Gray,16.0,,Needs Improvement,2.3,3.0,0.0,1/15/2017,5.0,19.0,,"59,124.00",,
86,"Exantus, Susan",10290.0,1.0,1.0,0.0,4.0,4.0,2.0,0.0,"99,280.00",1.0,24.0,Software Engineer,MA,1749.0,05/15/87,M,Married,,No,Black or African American,5/2/2011,6/5/2013,attendance,Terminated for Cause,,Alex Sweetwater,10.0,Indeed,Needs Improvement,2.1,5.0,4.0,8/10/2012,4.0,19.0,,"99,280.00",,Invalid Date
87,"Faller, Megan ",10263.0,1.0,1.0,0.0,1.0,5.0,3.0,,"71,776.00",0.0,20.0,Production Technician II,MA,1824.0,09/22/78,M,Married,US Citizen,No,Black or African American,,,N/A-StillEmployed,Active,,Elijiah Gray,16.0,,Fully Meets,4.4,5.0,0.0,2/22/2019,0.0,17.0,,"71,776.00",,
88,,10136.0,,0.0,0.0,1.0,5.0,3.0,,"65,902.00",0.0,20.0,Production Technician II,MA,2324.0,09/27/87,F,Single,,No,Black or African American,,,N/A-StillEmployed,Active,Production       ,Webster Butler,,LinkedIn,Fully Meets,4.0,4.0,0.0,1/7/2019,0.0,7.0,,"65,902.00",,
89,,10189.0,1.0,1.0,0.0,5.0,5.0,3.0,0.0,"57,748.00",1.0,19.0,Production Technician I,MA,2176.0,04/14/55,,Married,US Citizen,No,White,11/7/2011,5/17/2016,military,Voluntarily Terminated,Production       ,,39.0,,Fully Meets,3.13,3.0,,,0.0,16.0,,"57,748.00",,
90,,10308.0,1.0,1.0,1.0,1.0,5.0,1.0,,"64,057.00",0.0,19.0,Production Technician I,MA,2132.0,10/18/89,F,Married,US Citizen,No,White,5/11/2015,,N/A-StillEmployed,Active,Production       ,Amy Dunn,11.0,,PIP,1.56,5.0,,,,15.0,,"64,057.00",,
91,,10309.0,0.0,0.0,1.0,1.0,3.0,1.0,,"53,366.00",0.0,15.0,Network Engineer,MA,2138.0,06/18/87,F,Single,US Citizen,No,White,,,Terminated,Active,IT/IS,,7.0,LinkedIn,PIP,1.2,3.0,,,3.0,2.0,,"53,366.00",,
92,"Fidelia,  Libby",10049.0,1.0,1.0,0.0,1.0,5.0,3.0,0.0,"58,530.00",0.0,19.0,Production Technician I,MA,2155.0,03/16/81,,Married,US Citizen,No,White,1/9/2012,,N/A-StillEmployed,Active,,Brannon Miller,12.0,,Fully Meets,5.0,5.0,,1/29/2019,0.0,19.0,,"58,530.00",,
93,,10093.0,0.0,0.0,1.0,5.0,5.0,3.0,0.0,"72,609.00",1.0,20.0,Production Technician II,MA,2143.0,10/01/81,M ,Single,,Yes,,5/16/2011,6/24/2013,hours,Voluntarily Terminated,Production       ,Amy Dunn,11.0,Google Search,Fully Meets,4.76,5.0,0.0,4/5/2013,0.0,20.0,,"72,609.00",,
94,,10163.0,1.0,1.0,0.0,5.0,5.0,3.0,0.0,"55,965.00",1.0,20.0,Production Technician II,MA,2170.0,11/08/83,M,Married,US Citizen,No,White,,1/9/2013,career change,Voluntarily Terminated,Production       ,Ketsia Liebig,19.0,Google Search,Fully Meets,3.66,3.0,,1/7/2012,,6.0,,"55,965.00",,
95,"Forrest, Alex",10305.0,1.0,1.0,1.0,1.0,6.0,3.0,,"70,187.00",1.0,3.0,Area Sales Manager,MA,2330.0,07/07/75,,Married,US Citizen,No,White,,8/19/2018,Fatal attraction,Terminated for Cause,Sales,,21.0,Employee Referral,PIP,2.0,5.0,,1/28/2019,4.0,7.0,,"70,187.00",,
96,,10015.0,0.0,0.0,1.0,1.0,3.0,4.0,,"178,000.00",0.0,12.0,IT Director,MA,1460.0,07/05/80,M ,Single,US Citizen,No,,4/15/2011,,N/A-StillEmployed,Active,IT/IS,Jennifer Zamora,5.0,Indeed,Exceeds,5.0,5.0,5.0,1/7/2019,,15.0,,"178,000.00",,
97,"Foster-Baker, Amy",10080.0,1.0,1.0,0.0,1.0,1.0,3.0,,"99,351.00",0.0,26.0,Sr. Accountant,MA,2050.0,04/16/79,F,Married,US Citizen,no,White,1/5/2009,,Terminated,Active,,Board of Directors,9.0,Other,Fully Meets,5.0,3.0,2.0,2/8/2019,,3.0,,"99,351.00",,
98,"Fraval, Maruk ",10258.0,0.0,0.0,1.0,1.0,6.0,3.0,,"67,251.00",0.0,3.0,Area Sales Manager,CT,6050.0,08/28/63,F,Single,US Citizen,No,Black or African American,9/6/2011,,Terminated,Active,,Lynn Daneault,21.0,,Fully Meets,4.3,3.0,0.0,1/27/2019,,7.0,,"67,251.00",,
99,,10273.0,,0.0,0.0,1.0,3.0,3.0,,"65,707.00",0.0,14.0,IT Support,CT,6040.0,07/06/68,M,Single,US Citizen,No,White,5/1/2010,,,Active,IT/IS,Eric Dougall,6.0,LinkedIn,Fully Meets,4.7,4.0,,,,1.0,,"65,707.00",,
100,"Garcia, Raul",10111.0,0.0,0.0,1.0,1.0,5.0,3.0,0.0,"52,249.00",0.0,19.0,Production Technician I,MA,1905.0,09/15/85,,Single,US Citizen,Yes,White,3/30/2015,,N/A-StillEmployed,Active,Production       ,David Stanley,14.0,Employee Referral,Fully Meets,4.5,3.0,0.0,2/18/2019,0.0,5.0,,"52,249.00",,
101,,10257.0,0.0,0.0,0.0,1.0,5.0,,0.0,"53,171.00",0.0,19.0,Production Technician I,MA,2121.0,12/02/83,F,Single,,Yes,Black or African American,5/16/2011,,Terminated,Active,Production       ,Kelley Spirea,18.0,LinkedIn,Fully Meets,4.2,4.0,0.0,2/26/2019,0.0,12.0,,"53,171.00",,
102,"Gentry, Mildred",10159.0,,1.0,0.0,1.0,5.0,3.0,0.0,"51,337.00",0.0,19.0,Production Technician I,MA,2145.0,10/01/90,,Married,US Citizen,No,,3/30/2015,,Terminated,Active,Production       ,,22.0,LinkedIn,Fully Meets,3.73,3.0,0.0,,,19.0,,"51,337.00",,
103,,10122.0,0.0,2.0,0.0,5.0,5.0,3.0,1.0,"51,505.00",1.0,19.0,Production Technician I,MA,2330.0,05/15/70,,Divorced,US Citizen,No,,,11/15/2016,hours,Voluntarily Terminated,Production       ,,16.0,Diversity Job Fair,Fully Meets,4.24,4.0,,4/29/2016,0.0,2.0,,"51,505.00",,
104,,10142.0,,4.0,0.0,4.0,6.0,3.0,,"59,370.00",1.0,3.0,Area Sales Manager,OH,43050.0,07/10/71,F,Widowed,US Citizen,No,Black or African American,7/7/2014,9/5/2015,attendance,Terminated for Cause,,John Smith,17.0,CareerBuilder,Fully Meets,3.97,4.0,0.0,,0.0,7.0,,"59,370.00",,
105,"Gilles, Alex",10283.0,1.0,1.0,1.0,5.0,5.0,2.0,1.0,"54,933.00",1.0,19.0,Production Technician I,MA,2062.0,08/09/74,F,Married,US Citizen,No,,4/2/2012,6/25/2015,military,Voluntarily Terminated,,Webster Butler,39.0,Diversity Job Fair,Needs Improvement,3.97,4.0,0.0,1/20/2015,,15.0,,"54,933.00",,
106,"Girifalco, Evelyn",10018.0,0.0,0.0,0.0,1.0,5.0,4.0,0.0,"57,815.00",0.0,19.0,Production Technician I,MA,2451.0,05/08/80,M,Single,US Citizen,Yes,Two or more races,,,Terminated,Active,,Amy Dunn,11.0,,Exceeds,3.9,4.0,0.0,2/7/2019,,3.0,,"57,815.00",,"Twenty-Fourth November, 1987"
107,,10255.0,0.0,0.0,0.0,1.0,6.0,3.0,,"61,555.00",0.0,3.0,Area Sales Manager,IN,46204.0,09/22/89,M,Single,US Citizen,No,,2/16/2015,,N/A-StillEmployed,Active,Sales,Lynn Daneault,21.0,Indeed,Fully Meets,4.5,5.0,0.0,1/25/2019,0.0,20.0,,"61,555.00",,
108,,10246.0,0.0,0.0,0.0,4.0,3.0,3.0,0.0,"114,800.00",1.0,8.0,Database Administrator,MA,2127.0,10/23/71,,Single,US Citizen,No,,,3/15/2015,"no-call, no-show",Terminated for Cause,IT/IS,Simon Roup,4.0,Indeed,Fully Meets,4.6,4.0,4.0,,0.0,10.0,,"114,800.00",,
109,,10228.0,1.0,1.0,1.0,1.0,3.0,3.0,0.0,"74,679.00",0.0,14.0,IT Support,MA,2135.0,11/24/89,M ,Married,US Citizen,Yes,White,3/30/2015,,,Active,IT/IS,Peter Monroe,7.0,LinkedIn,Fully Meets,4.3,5.0,7.0,1/10/2019,0.0,20.0,,"74,679.00",,
110,"Gold, Shenice  ",10243.0,0.0,0.0,0.0,1.0,5.0,,,"53,018.00",0.0,19.0,Production Technician I,MA,2451.0,06/18/92,M,Single,US Citizen,Yes,White,11/11/2013,,Terminated,Active,Production       ,Ketsia Liebig,19.0,,Fully Meets,4.3,5.0,0.0,2/18/2019,0.0,7.0,,"53,018.00",,
111,"Gonzalez, Cayo",10031.0,0.0,2.0,1.0,1.0,5.0,,1.0,"59,892.00",0.0,19.0,Production Technician I,MA,2108.0,09/29/69,M ,Divorced,US Citizen,No,,7/11/2011,,N/A-StillEmployed,Active,Production       ,,12.0,Diversity Job Fair,Exceeds,4.5,4.0,0.0,,0.0,1.0,,"59,892.00",,
112,,10300.0,,1.0,1.0,5.0,5.0,,,"68,898.00",1.0,20.0,Production Technician II,MA,2128.0,10/12/64,F,Married,US Citizen,No,,4/26/2010,5/30/2011,,Voluntarily Terminated,Production       ,Brannon Miller,12.0,Diversity Job Fair,PIP,3.0,3.0,0.0,3/6/2011,,10.0,,"68,898.00",,"Twenty-Fourth November, 1987"
113,,10101.0,,3.0,0.0,1.0,3.0,3.0,0.0,"61,242.00",0.0,14.0,IT Support,MA,2472.0,04/16/81,M,Separated,,Yes,White,1/5/2015,,N/A-StillEmployed,Active,IT/IS,Peter Monroe,7.0,Employee Referral,Fully Meets,4.61,4.0,,1/28/2019,0.0,11.0,,"61,242.00",,
114,"Good, Susan",10237.0,1.0,1.0,0.0,3.0,5.0,3.0,0.0,"66,825.00",0.0,20.0,Production Technician II,MA,1886.0,05/25/86,M,Married,US Citizen,No,White,,,N/A-StillEmployed,Active,Production       ,,14.0,LinkedIn,Fully Meets,4.6,3.0,0.0,2/7/2019,0.0,20.0,,"66,825.00",,
115,,10051.0,1.0,1.0,1.0,1.0,5.0,3.0,,"48,285.00",0.0,19.0,Production Technician I,MA,2169.0,05/21/79,F,Married,US Citizen,No,,7/2/2012,,Terminated,Active,Production       ,,14.0,LinkedIn,Fully Meets,5.0,3.0,0.0,1/14/2019,0.0,2.0,,"48,285.00",,
116,,10218.0,0.0,3.0,0.0,3.0,5.0,,,"66,149.00",0.0,20.0,Production Technician II,MA,1824.0,12/08/83,F,Separated,US Citizen,No,American Indian or Alaska Native,9/30/2013,,N/A-StillEmployed,Active,Production       ,,20.0,Google Search,Fully Meets,4.4,5.0,,2/21/2019,,1.0,,"66,149.00",,
117,"Goyal, Roxana",10256.0,1.0,1.0,0.0,3.0,5.0,3.0,0.0,"49,256.00",0.0,19.0,Production Technician I,MA,1864.0,10/09/74,M,Married,,No,Asian,8/19/2013,,Terminated,Active,,,20.0,LinkedIn,Fully Meets,4.1,5.0,0.0,2/15/2019,0.0,3.0,,"49,256.00",,
118,,10098.0,0.0,2.0,1.0,1.0,5.0,3.0,0.0,"62,957.00",0.0,18.0,Production Manager,MA,1752.0,07/11/81,F,Divorced,US Citizen,No,White,6/2/2015,,N/A-StillEmployed,Active,Production       ,,2.0,Employee Referral,Fully Meets,4.63,3.0,,1/4/2019,,2.0,,"62,957.00",,
119,"Gross, Paula",10059.0,0.0,2.0,0.0,5.0,5.0,3.0,,"63,813.00",1.0,19.0,Production Technician I,MA,2176.0,05/21/83,F,Divorced,US Citizen,No,,2/21/2011,1/11/2014,more money,Voluntarily Terminated,Production       ,,18.0,,Fully Meets,5.0,5.0,0.0,6/3/2013,0.0,17.0,,"63,813.00",,
120,"Gruber, Hans",10234.0,1.0,1.0,1.0,1.0,3.0,3.0,,"99,020.00",0.0,4.0,BI Developer,MA,2134.0,06/30/89,F,Married,,No,Black or African American,,,,Active,IT/IS,,13.0,Indeed,Fully Meets,4.2,5.0,,1/28/2019,0.0,8.0,,"99,020.00",,
121,,10109.0,0.0,0.0,1.0,5.0,6.0,3.0,,"71,707.00",1.0,3.0,Area Sales Manager,TN,37129.0,02/09/69,F,Single,US Citizen,No,Two or more races,3/7/2012,10/31/2014,relocation out of area,Voluntarily Terminated,,John Smith,17.0,LinkedIn,Fully Meets,4.5,5.0,0.0,2/1/2013,0.0,20.0,,"71,707.00",,
122,,10125.0,1.0,1.0,0.0,1.0,5.0,3.0,0.0,"54,828.00",0.0,19.0,Production Technician I,MA,2127.0,03/23/77,M,Married,US Citizen,No,,11/28/2011,,N/A-StillEmployed,Active,,Michael Albert,22.0,Google Search,Fully Meets,4.2,4.0,0.0,2/22/2019,0.0,13.0,,"54,828.00",,
123,,10074.0,0.0,0.0,1.0,1.0,5.0,3.0,0.0,"64,246.00",0.0,20.0,Production Technician II,MA,2155.0,08/10/88,M ,Single,US Citizen,Yes,,11/11/2013,,Terminated,Active,Production       ,Kelley Spirea,18.0,LinkedIn,Fully Meets,5.0,3.0,0.0,1/8/2019,0.0,20.0,,"64,246.00",,
124,"Harrington, Christie ",10097.0,0.0,0.0,0.0,5.0,5.0,3.0,,"52,177.00",1.0,19.0,Production Technician I,MA,2324.0,08/18/52,M,Single,US Citizen,No,White,,12/15/2015,,Voluntarily Terminated,,,39.0,CareerBuilder,Fully Meets,4.64,4.0,0.0,5/2/2015,0.0,8.0,,"52,177.00",,
125,"Harrison, Kara",10007.0,1.0,1.0,0.0,1.0,5.0,4.0,,"62,065.00",0.0,19.0,Production Technician I,MA,1886.0,05/02/74,,Married,US Citizen,No,White,5/12/2014,,Terminated,Active,Production       ,,11.0,,Exceeds,4.76,4.0,0.0,,0.0,5.0,,"62,065.00",,
126,"Heitzman, Anthony",10129.0,0.0,0.0,1.0,1.0,5.0,3.0,,"46,998.00",0.0,19.0,Production Technician I,MA,2149.0,01/04/84,M ,Single,US Citizen,No,,8/13/2012,,,Active,Production       ,Ketsia Liebig,19.0,Google Search,Fully Meets,4.17,4.0,0.0,2/11/2019,0.0,1.0,,"46,998.00",,
127,"Hendrickson, Trina",10075.0,,0.0,0.0,5.0,5.0,3.0,,"68,099.00",1.0,20.0,Production Technician II,MA,2021.0,08/27/72,F,Single,,No,,1/10/2011,6/18/2013,hours,Voluntarily Terminated,Production       ,,18.0,CareerBuilder,Fully Meets,5.0,3.0,0.0,1/30/2013,,15.0,,"68,099.00",,
128,"Hitchcock, Alfred",10167.0,1.0,1.0,1.0,1.0,6.0,3.0,0.0,"70,545.00",0.0,3.0,Area Sales Manager,NH,3062.0,09/14/88,F,Married,US Citizen,No,American Indian or Alaska Native,8/18/2014,,Terminated,Active,Sales,,17.0,Indeed,Fully Meets,3.6,5.0,0.0,1/30/2019,,9.0,,"70,545.00",,
129,"HOMBERGER, ADRIENNE  J",10195.0,1.0,1.0,0.0,5.0,5.0,3.0,,"63,478.00",1.0,20.0,Production Technician II,MA,2445.0,02/16/84,M,Married,Non-Citizen,No,White,8/15/2011,4/7/2012,relocation out of area,Voluntarily Terminated,Production       ,Michael Albert,30.0,Indeed,Fully Meets,3.03,5.0,0.0,3/5/2012,,16.0,,"63,478.00",,
130,,10112.0,0.0,0.0,0.0,1.0,3.0,3.0,,"97,999.00",0.0,8.0,Database Administrator,MA,2493.0,02/21/84,,Single,US Citizen,No,,,,N/A-StillEmployed,Active,IT/IS,,4.0,Indeed,Fully Meets,4.48,5.0,,1/3/2019,0.0,4.0,,"97,999.00",,
131,"Houlihan, Debra",10272.0,1.0,1.0,0.0,1.0,6.0,3.0,,"180,000.00",0.0,11.0,Director of Sales,RI,2908.0,03/17/66,,Married,US Citizen,No,White,5/5/2014,,,Active,,Janet King,2.0,LinkedIn,Fully Meets,4.5,4.0,0.0,,0.0,19.0,,"180,000.00",,
132,,10182.0,1.0,1.0,0.0,1.0,1.0,3.0,0.0,"49,920.00",1.0,2.0,Administrative Assistant,MA,2170.0,09/16/85,M,Married,US Citizen,No,Black or African American,2/16/2015,,"no-call, no-show",Terminated for Cause,,,1.0,Indeed,Fully Meets,3.24,3.0,4.0,4/15/2015,0.0,6.0,,"49,920.00",,
133,"Hudson, Jane",10248.0,,0.0,0.0,1.0,5.0,3.0,0.0,"55,425.00",0.0,19.0,Production Technician I,MA,2176.0,06/10/86,F,Single,US Citizen,No,,2/20/2012,,Terminated,Active,Production       ,Ketsia Liebig,19.0,LinkedIn,Fully Meets,4.8,4.0,0.0,1/7/2019,0.0,4.0,,"55,425.00",,
134,"Hunts, Julissa",10201.0,0.0,0.0,0.0,2.0,5.0,3.0,0.0,"69,340.00",0.0,20.0,Production Technician II,MA,2021.0,03/11/84,M,Single,US Citizen,No,White,,,Terminated,Active,Production       ,Elijiah Gray,16.0,LinkedIn,Fully Meets,3.0,5.0,0.0,,0.0,4.0,,"69,340.00",,
135,"Hutter, Rosalie",10214.0,0.0,3.0,0.0,2.0,5.0,3.0,,"64,995.00",0.0,20.0,Production Technician II,MA,2351.0,05/07/92,,Separated,US Citizen,No,White,6/5/2015,,Terminated,Active,,Webster Butler,,Indeed,Fully Meets,4.5,3.0,,2/14/2019,0.0,6.0,,"64,995.00",,
136,"Huynh, Ming",10160.0,,2.0,0.0,5.0,5.0,3.0,0.0,"68,182.00",1.0,20.0,Production Technician II,MA,1742.0,09/22/76,M,Divorced,,No,White,2/21/2011,4/1/2013,,Voluntarily Terminated,Production       ,,11.0,Google Search,Fully Meets,3.72,3.0,0.0,2/1/2013,0.0,18.0,,"68,182.00",,
137,"IMMEDIATO, WALTER",10289.0,,1.0,1.0,5.0,5.0,2.0,,"83,082.00",1.0,18.0,Production Manager,MA,2128.0,11/15/76,F,Married,US Citizen,No,Asian,2/21/2011,9/24/2012,,Voluntarily Terminated,Production       ,Janet King,2.0,,Needs Improvement,2.34,2.0,0.0,4/12/2012,,4.0,,"83,082.00",,
138,,10139.0,0.0,0.0,0.0,1.0,5.0,3.0,0.0,"51,908.00",0.0,19.0,Production Technician I,MA,1775.0,01/28/91,F,Single,US Citizen,No,White,8/19/2013,,N/A-StillEmployed,Active,,,12.0,Indeed,Fully Meets,3.99,3.0,0.0,1/14/2019,0.0,14.0,,"51,908.00",,
139,"Jackson, Maryellen",10227.0,0.0,0.0,0.0,1.0,5.0,3.0,,"61,242.00",0.0,19.0,Production Technician I,MA,2081.0,09/11/72,F,Single,US Citizen,No,,11/5/2012,,Terminated,Active,Production       ,David Stanley,14.0,LinkedIn,Fully Meets,4.1,3.0,0.0,1/17/2019,0.0,7.0,,"61,242.00",,
140,"Jacobi, Hannah  ",10236.0,0.0,2.0,0.0,1.0,5.0,,,"45,069.00",0.0,19.0,Production Technician I,MA,1778.0,03/22/66,F,Divorced,US Citizen,No,,9/30/2013,,,Active,Production       ,Kissy Sullivan,20.0,Employee Referral,Fully Meets,4.3,5.0,,2/22/2019,,7.0,,"45,069.00",,
141,"Jeannite, Tayana",10009.0,0.0,2.0,0.0,1.0,5.0,4.0,0.0,"60,724.00",0.0,20.0,Production Technician II,MA,1821.0,11/06/86,M,Divorced,US Citizen,No,,7/5/2011,,N/A-StillEmployed,Active,,Ketsia Liebig,19.0,LinkedIn,Exceeds,4.6,4.0,0.0,2/25/2019,0.0,11.0,,"60,724.00",,
142,"Jhaveri, Sneha  ",10060.0,0.0,3.0,0.0,1.0,5.0,3.0,,"60,436.00",0.0,19.0,Production Technician I,MA,2109.0,04/13/64,M,Separated,US Citizen,No,White,1/6/2014,,N/A-StillEmployed,Active,,Kelley Spirea,18.0,LinkedIn,Fully Meets,5.0,5.0,0.0,1/21/2019,0.0,9.0,,"60,436.00",,
143,"Johnson, George",10034.0,1.0,1.0,1.0,5.0,5.0,4.0,0.0,"46,837.00",1.0,19.0,Production Technician I,MA,2445.0,08/19/59,F,Married,US Citizen,No,White,11/7/2011,4/29/2018,more money,Voluntarily Terminated,Production       ,Michael Albert,22.0,CareerBuilder,Exceeds,4.7,4.0,0.0,2/14/2018,0.0,9.0,,"46,837.00",,
144,,10156.0,1.0,1.0,0.0,3.0,3.0,3.0,,"105,700.00",0.0,8.0,Database Administrator,MA,2301.0,11/07/86,F,Married,US Citizen,No,Asian,1/5/2015,,Terminated,Active,,Simon Roup,4.0,Indeed,Fully Meets,3.75,3.0,5.0,2/11/2019,0.0,2.0,,"105,700.00",,
145,"JOHNSTON, YEN",10036.0,,0.0,0.0,1.0,5.0,4.0,0.0,"63,322.00",0.0,20.0,Production Technician II,MA,2128.0,09/08/69,F,Single,US Citizen,No,,7/7/2014,,,Active,,Brannon Miller,12.0,LinkedIn,Exceeds,4.3,3.0,0.0,1/11/2019,,1.0,,"63,322.00",,
146,,10138.0,1.0,1.0,0.0,5.0,5.0,3.0,0.0,"61,154.00",1.0,19.0,Production Technician I,MA,2446.0,04/17/86,M,Married,US Citizen,No,Black or African American,1/10/2011,4/1/2016,unhappy,Voluntarily Terminated,,Elijiah Gray,16.0,CareerBuilder,Fully Meets,4.0,4.0,0.0,2/3/2016,0.0,4.0,,"61,154.00",,
147,"Kampew, Donysha",10244.0,0.0,0.0,0.0,5.0,6.0,3.0,,"68,999.00",1.0,21.0,Sales Manager,PA,19444.0,11/11/89,M,Single,US Citizen,No,White,,4/24/2014,,Voluntarily Terminated,Sales,Debra Houlihan,15.0,Google Search,Fully Meets,4.5,5.0,0.0,3/30/2013,0.0,2.0,,"68,999.00",,
148,"Keatts, Kramer ",10192.0,0.0,0.0,1.0,1.0,5.0,3.0,0.0,"50,482.00",0.0,19.0,Production Technician I,MA,1887.0,01/19/76,,Single,US Citizen,No,White,9/30/2013,,Terminated,Active,,,22.0,Indeed,Fully Meets,3.07,4.0,0.0,1/23/2019,0.0,10.0,,"50,482.00",,
149,,10231.0,0.0,0.0,1.0,1.0,6.0,3.0,,"65,310.00",0.0,3.0,Area Sales Manager,CO,80820.0,11/27/79,F,Single,US Citizen,No,White,8/19/2013,,Terminated,Active,,Lynn Daneault,21.0,Indeed,Fully Meets,4.3,5.0,,1/22/2019,,13.0,,"65,310.00",,
150,"King, Janet",10089.0,1.0,1.0,0.0,1.0,2.0,3.0,0.0,"250,000.00",0.0,16.0,President & CEO,MA,1902.0,09/21/54,M,Married,US Citizen,Yes,White,7/2/2012,,Terminated,Active,Executive Office,,9.0,Indeed,Fully Meets,4.83,3.0,0.0,1/17/2019,,10.0,,"250,000.00",,Invalid Date
151,"Kinsella, Kathleen  ",10166.0,1.0,1.0,0.0,5.0,5.0,3.0,0.0,"54,005.00",1.0,19.0,Production Technician I,MA,2170.0,12/08/73,,Married,US Citizen,No,,9/26/2011,6/4/2015,more money,Voluntarily Terminated,Production       ,Webster Butler,39.0,Google Search,Fully Meets,3.6,5.0,,3/1/2015,0.0,16.0,,"54,005.00",,
152,,10170.0,,1.0,0.0,5.0,5.0,3.0,0.0,"45,433.00",1.0,19.0,Production Technician I,MA,2127.0,10/08/70,M,Married,US Citizen,No,White,9/26/2011,1/9/2014,,Voluntarily Terminated,Production       ,Amy Dunn,11.0,Google Search,Fully Meets,3.49,4.0,0.0,1/30/2013,,6.0,,"45,433.00",,
153,,10208.0,0.0,0.0,1.0,1.0,5.0,3.0,0.0,"46,654.00",0.0,19.0,Production Technician I,MA,1721.0,11/10/77,M ,Single,US Citizen,No,Black or African American,2/17/2014,,N/A-StillEmployed,Active,Production       ,,19.0,LinkedIn,Fully Meets,3.1,3.0,0.0,2/6/2019,0.0,3.0,,"46,654.00",,
154,,10176.0,1.0,1.0,1.0,1.0,5.0,,0.0,"63,973.00",0.0,19.0,Production Technician I,MA,1801.0,02/02/80,M ,Married,US Citizen,No,,1/10/2011,,,Active,,Brannon Miller,12.0,Indeed,Fully Meets,3.38,3.0,0.0,,,17.0,,"63,973.00",,
155,,10165.0,0.0,0.0,1.0,1.0,6.0,3.0,1.0,"71,339.00",0.0,3.0,Area Sales Manager,NY,10171.0,02/24/69,M ,Single,US Citizen,Yes,Black or African American,3/7/2011,,N/A-StillEmployed,Active,Sales,John Smith,17.0,Diversity Job Fair,Fully Meets,3.65,5.0,,1/17/2019,0.0,20.0,,"71,339.00",,
156,"Lajiri,  Jyoti",10113.0,,1.0,1.0,3.0,3.0,3.0,0.0,"93,206.00",0.0,28.0,Sr. Network Engineer,MA,2169.0,04/23/86,F,Married,US Citizen,No,White,11/10/2014,,N/A-StillEmployed,Active,IT/IS,Peter Monroe,7.0,Employee Referral,Fully Meets,4.46,5.0,6.0,1/7/2019,,7.0,,"93,206.00",,
157,,10092.0,,1.0,1.0,4.0,5.0,3.0,,"82,758.00",1.0,18.0,Production Manager,MA,1890.0,07/01/72,M ,Married,US Citizen,No,,1/10/2011,12/12/2015,attendance,Terminated for Cause,,,2.0,Employee Referral,Fully Meets,4.78,4.0,,2/15/2015,0.0,9.0,,"82,758.00",,
158,"Langford, Lindsey",10106.0,0.0,2.0,0.0,5.0,5.0,3.0,0.0,"66,074.00",1.0,20.0,Production Technician II,MA,2090.0,07/25/79,M,Divorced,US Citizen,No,Asian,1/7/2013,3/31/2014,Another position,Voluntarily Terminated,Production       ,David Stanley,14.0,Indeed,Fully Meets,4.52,3.0,0.0,2/20/2014,0.0,20.0,,"66,074.00",,
159,,10052.0,1.0,1.0,1.0,1.0,5.0,3.0,,"46,120.00",0.0,19.0,Production Technician I,MA,2048.0,12/09/86,,Married,US Citizen,No,White,7/9/2012,,Terminated,Active,,David Stanley,14.0,LinkedIn,Fully Meets,5.0,5.0,,2/4/2019,,13.0,,"46,120.00",,
160,"LaRotonda, William  ",10038.0,0.0,2.0,1.0,1.0,1.0,,0.0,"64,520.00",0.0,1.0,Accountant I,MA,1460.0,04/26/84,,Divorced,US Citizen,No,,1/6/2014,,N/A-StillEmployed,Active,Admin Offices,Brandon R. LeBlanc,1.0,Website,Fully Meets,5.0,4.0,,1/17/2019,0.0,3.0,,"64,520.00",,
161,"Latif, Mohammed",10249.0,1.0,1.0,1.0,5.0,5.0,3.0,0.0,"61,962.00",1.0,20.0,Production Technician II,MA,2126.0,05/09/84,,Married,US Citizen,No,White,4/2/2012,4/15/2013,more money,Voluntarily Terminated,,,20.0,Google Search,Fully Meets,4.9,3.0,0.0,2/20/2013,,20.0,,"61,962.00",,
162,,10232.0,0.0,0.0,0.0,1.0,3.0,3.0,0.0,"81,584.00",0.0,22.0,Senior BI Developer,MA,1886.0,06/14/87,F,Single,,No,Asian,10/2/2016,,,Active,,Brian Champaigne,13.0,Indeed,Fully Meets,4.1,5.0,7.0,,0.0,2.0,,"81,584.00",,
163,"Leach, Dallas",10087.0,0.0,0.0,0.0,5.0,5.0,3.0,,"63,676.00",1.0,19.0,Production Technician I,MA,1810.0,01/17/79,,Single,US Citizen,No,Asian,9/26/2011,8/19/2018,return to school,Voluntarily Terminated,,,20.0,CareerBuilder,Fully Meets,4.88,3.0,0.0,7/2/2017,,17.0,,"63,676.00",,
164,"LeBlanc, Brandon  R",10134.0,1.0,1.0,1.0,1.0,1.0,3.0,0.0,"93,046.00",0.0,23.0,Shared Services Manager,MA,1460.0,06/10/84,F,Married,US Citizen,No,White,,,N/A-StillEmployed,Active,,Janet King,2.0,CareerBuilder,Fully Meets,4.1,4.0,,1/28/2019,0.0,20.0,,"93,046.00",,
165,,10251.0,1.0,1.0,1.0,1.0,5.0,3.0,,"64,738.00",0.0,19.0,Production Technician I,MA,1776.0,09/02/82,M ,Married,US Citizen,No,Asian,5/14/2012,,,Active,Production       ,Elijiah Gray,16.0,Google Search,Fully Meets,4.1,3.0,,,,10.0,,"64,738.00",,
166,"Leruth, Giovanni",10103.0,0.0,3.0,1.0,1.0,6.0,3.0,,"70,468.00",0.0,3.0,Area Sales Manager,UT,84111.0,12/27/88,M ,Separated,US Citizen,No,,4/30/2012,,Terminated,Active,,,17.0,,Fully Meets,4.53,3.0,0.0,1/29/2019,,16.0,,"70,468.00",,
167,,10017.0,1.0,1.0,0.0,1.0,5.0,4.0,,"77,915.00",0.0,18.0,Production Manager,MA,2110.0,10/26/81,M,Married,US Citizen,No,,9/30/2013,,Terminated,Active,,Janet King,2.0,Website,Exceeds,4.1,3.0,0.0,1/21/2019,,11.0,,"77,915.00",,
168,"Linares, Marilyn ",10186.0,1.0,1.0,0.0,5.0,5.0,3.0,0.0,"52,624.00",1.0,19.0,Production Technician I,MA,1886.0,03/26/81,M,Married,US Citizen,No,White,7/5/2011,9/26/2018,,Voluntarily Terminated,Production       ,Michael Albert,22.0,Indeed,Fully Meets,3.18,4.0,0.0,3/2/2018,0.0,16.0,,"52,624.00",,
169,"Linden, Mathew",10137.0,1.0,1.0,1.0,3.0,5.0,3.0,0.0,"63,450.00",0.0,20.0,Production Technician II,MA,1770.0,03/19/79,,Married,US Citizen,No,White,,,,Active,,Kelley Spirea,18.0,LinkedIn,Fully Meets,4.0,3.0,0.0,2/18/2019,0.0,7.0,,"63,450.00",,
170,"Lindsay, Leonara ",10008.0,0.0,0.0,0.0,1.0,3.0,4.0,,"51,777.00",0.0,14.0,IT Support,CT,6070.0,10/05/88,F,Single,US Citizen,Yes,,1/21/2011,,N/A-StillEmployed,Active,IT/IS,Eric Dougall,6.0,Diversity Job Fair,Exceeds,4.64,4.0,5.0,1/25/2019,0.0,14.0,,"51,777.00",,
171,"Lundy, Susan",10096.0,0.0,4.0,0.0,5.0,5.0,3.0,0.0,"67,237.00",1.0,20.0,Production Technician II,MA,2122.0,12/26/76,M,Widowed,US Citizen,No,,7/8/2013,9/15/2016,more money,Voluntarily Terminated,Production       ,Michael Albert,22.0,LinkedIn,Fully Meets,4.65,4.0,0.0,6/10/2016,0.0,15.0,,"67,237.00",,
172,"Lunquist, Lisa",10035.0,0.0,0.0,0.0,1.0,5.0,4.0,0.0,"73,330.00",0.0,20.0,Production Technician II,MA,2324.0,03/28/82,F,Single,US Citizen,No,Black or African American,8/19/2013,,N/A-StillEmployed,Active,Production       ,Elijiah Gray,16.0,Indeed,Exceeds,4.2,4.0,0.0,2/12/2019,0.0,19.0,,"73,330.00",,
173,"Lydon, Allison",10057.0,1.0,1.0,0.0,3.0,5.0,3.0,0.0,"52,057.00",0.0,19.0,Production Technician I,MA,2122.0,10/22/75,M,Married,US Citizen,No,,,,N/A-StillEmployed,Active,,,16.0,Website,Fully Meets,5.0,3.0,,1/23/2019,0.0,6.0,,"52,057.00",,
174,"Lynch, Lindsay",10004.0,0.0,0.0,0.0,5.0,5.0,4.0,,"47,434.00",1.0,19.0,Production Technician I,MA,1844.0,02/14/73,F,Single,US Citizen,Yes,Black or African American,11/7/2011,11/14/2015,,Voluntarily Terminated,Production       ,Webster Butler,39.0,Diversity Job Fair,Exceeds,5.0,4.0,,,0.0,17.0,,"47,434.00",,
175,"MacLennan, Samuel",10191.0,0.0,4.0,1.0,5.0,5.0,3.0,,"52,788.00",1.0,19.0,Production Technician I,MA,1938.0,11/09/72,M ,Widowed,US Citizen,No,,9/24/2012,9/26/2017,hours,Voluntarily Terminated,,Amy Dunn,11.0,Indeed,Fully Meets,3.08,4.0,0.0,4/1/2017,0.0,18.0,,"52,788.00",,
176,,10219.0,0.0,0.0,0.0,1.0,5.0,3.0,0.0,"45,395.00",0.0,19.0,Production Technician I,MA,2189.0,07/07/86,,Single,US Citizen,No,White,1/6/2014,,N/A-StillEmployed,Active,Production       ,Ketsia Liebig,19.0,LinkedIn,Fully Meets,4.6,4.0,0.0,2/26/2019,0.0,14.0,,"45,395.00",,
177,"Manchester, Robyn",10077.0,1.0,1.0,0.0,2.0,5.0,3.0,,"62,385.00",0.0,20.0,Production Technician II,MA,2324.0,08/25/76,M,Married,US Citizen,No,White,5/11/2016,,Terminated,Active,Production       ,Webster Butler,,LinkedIn,Fully Meets,5.0,3.0,0.0,1/21/2019,0.0,4.0,,"62,385.00",,
178,,10073.0,1.0,1.0,0.0,5.0,5.0,3.0,0.0,"68,407.00",1.0,20.0,Production Technician II,MA,2176.0,12/10/86,M,Married,,No,Two or more races,7/5/2011,8/19/2012,,Voluntarily Terminated,Production       ,Amy Dunn,11.0,LinkedIn,Fully Meets,5.0,4.0,0.0,,0.0,16.0,,"68,407.00",,
179,,10279.0,,1.0,0.0,1.0,5.0,3.0,,"61,349.00",0.0,19.0,Production Technician I,MA,2451.0,11/07/74,,Married,US Citizen,No,White,,,Terminated,Active,Production       ,Brannon Miller,12.0,LinkedIn,Fully Meets,4.1,3.0,0.0,1/22/2019,,11.0,,"61,349.00",,
180,"Martin, Sandra",10110.0,,0.0,0.0,1.0,4.0,3.0,0.0,"105,688.00",0.0,24.0,Software Engineer,MA,2135.0,11/07/87,F,Single,US Citizen,No,,11/11/2013,,N/A-StillEmployed,Active,Software Engineering,Alex Sweetwater,10.0,Google Search,Fully Meets,4.5,5.0,,1/14/2019,0.0,14.0,,"105,688.00",,
181,,10053.0,1.0,1.0,0.0,1.0,5.0,3.0,0.0,"54,132.00",0.0,19.0,Production Technician I,MA,2330.0,11/22/77,M,Married,US Citizen,No,White,,,Terminated,Active,Production       ,David Stanley,14.0,,Fully Meets,5.0,4.0,0.0,1/10/2019,,8.0,,"54,132.00",,
182,,10076.0,0.0,0.0,0.0,1.0,5.0,3.0,,"55,315.00",0.0,20.0,Production Technician II,MA,2149.0,05/21/87,,Single,US Citizen,No,,,,N/A-StillEmployed,Active,Production       ,Ketsia Liebig,19.0,LinkedIn,Fully Meets,5.0,5.0,0.0,2/7/2019,0.0,16.0,,"55,315.00",,
183,,10145.0,1.0,1.0,0.0,1.0,5.0,3.0,,"62,810.00",0.0,19.0,Production Technician I,MA,2184.0,01/07/87,F,Married,,No,Black or African American,,,,Active,,Kissy Sullivan,20.0,,Fully Meets,3.93,3.0,0.0,1/30/2019,0.0,20.0,,"62,810.00",,
184,"McKinzie, Jac",10202.0,,1.0,1.0,2.0,6.0,3.0,0.0,"63,291.00",0.0,3.0,Area Sales Manager,TX,78789.0,07/01/84,,Married,US Citizen,No,Two or more races,7/6/2016,,Terminated,Active,Sales,,21.0,Website,Fully Meets,3.4,4.0,0.0,1/29/2019,0.0,7.0,,"63,291.00",,
185,"Meads, Elizabeth",10128.0,0.0,0.0,0.0,5.0,5.0,3.0,,"62,659.00",1.0,19.0,Production Technician I,MA,1760.0,05/30/68,M,Single,US Citizen,No,Black or African American,4/2/2012,11/11/2016,,Voluntarily Terminated,,Kelley Spirea,18.0,Diversity Job Fair,Fully Meets,4.18,4.0,0.0,2/5/2016,,17.0,,"62,659.00",,
186,"Medeiros, Jennifer",10068.0,0.0,0.0,0.0,1.0,5.0,,0.0,"55,688.00",0.0,19.0,Production Technician I,MA,2346.0,09/22/76,F,Single,US Citizen,No,White,,,N/A-StillEmployed,Active,,Michael Albert,22.0,CareerBuilder,Fully Meets,5.0,4.0,0.0,1/21/2019,,10.0,,"55,688.00",,
187,"Miller, Brannon",10116.0,0.0,0.0,1.0,1.0,5.0,3.0,,"83,667.00",0.0,18.0,Production Manager,MA,2045.0,08/10/81,M ,Single,US Citizen,yes,Hispanic,,,,Active,,Janet King,2.0,Indeed,Fully Meets,4.37,3.0,,1/14/2019,0.0,2.0,,"83,667.00",,
188,"Miller, Ned",10298.0,0.0,0.0,1.0,5.0,5.0,,,"55,800.00",1.0,20.0,Production Technician II,MA,2472.0,06/29/85,F,Single,US Citizen,No,White,8/15/2011,9/4/2014,unhappy,Voluntarily Terminated,Production       ,Brannon Miller,12.0,LinkedIn,PIP,3.0,2.0,0.0,,6.0,6.0,,"55,800.00",,
189,,10213.0,1.0,1.0,1.0,1.0,5.0,3.0,,"58,207.00",0.0,20.0,Production Technician II,MA,1450.0,08/17/92,M ,Married,US Citizen,No,White,11/7/2011,,Terminated,Active,Production       ,,14.0,,Fully Meets,3.7,3.0,0.0,1/8/2019,,14.0,,"58,207.00",,"Twenty-Fourth November, 1987"
190,"Monroe, Peter",10288.0,1.0,1.0,1.0,1.0,3.0,2.0,1.0,"157,000.00",0.0,13.0,IT Manager - Infra,MA,2134.0,10/05/86,,Married,Eligible NonCitizen,Yes,Black or African American,2/15/2012,,N/A-StillEmployed,Active,IT/IS,Jennifer Zamora,5.0,Diversity Job Fair,Needs Improvement,2.39,3.0,,2/22/2019,,13.0,,"157,000.00",,
191,,10025.0,0.0,0.0,0.0,1.0,5.0,4.0,,"72,460.00",0.0,20.0,Production Technician II,MA,2126.0,04/24/70,F,Single,US Citizen,No,Black or African American,5/13/2013,,N/A-StillEmployed,Active,Production       ,Kissy Sullivan,20.0,Indeed,Exceeds,4.7,3.0,0.0,1/14/2019,0.0,1.0,,"72,460.00",,
192,"Moran, Patrick",10223.0,0.0,0.0,1.0,3.0,5.0,3.0,,"72,106.00",0.0,20.0,Production Technician II,MA,2127.0,12/03/76,F,Single,,No,,1/9/2012,,N/A-StillEmployed,Active,,Kelley Spirea,18.0,Diversity Job Fair,Fully Meets,4.1,4.0,,1/31/2019,0.0,12.0,,"72,106.00",,
193,,10151.0,1.0,1.0,0.0,1.0,3.0,,0.0,"52,599.00",0.0,15.0,Network Engineer,MA,2048.0,04/04/79,M,Married,US Citizen,No,White,,,N/A-StillEmployed,Active,,Peter Monroe,7.0,CareerBuilder,Fully Meets,3.81,3.0,,2/11/2019,0.0,6.0,,"52,599.00",,
194,"Motlagh,  Dawn",10254.0,,2.0,0.0,1.0,5.0,3.0,0.0,"63,430.00",0.0,19.0,Production Technician I,MA,2453.0,07/07/84,,Divorced,,No,White,4/1/2013,,N/A-StillEmployed,Active,Production       ,,16.0,LinkedIn,Fully Meets,4.4,4.0,,1/17/2019,,18.0,,"63,430.00",,
195,"Moumanil, Maliki ",10120.0,,3.0,1.0,1.0,5.0,3.0,0.0,"74,417.00",0.0,20.0,Production Technician II,MA,1460.0,12/01/74,F,Separated,US Citizen,No,Black or African American,,,N/A-StillEmployed,Active,,Michael Albert,22.0,LinkedIn,Fully Meets,4.29,5.0,,1/28/2019,,11.0,,"74,417.00",,
196,,10216.0,0.0,0.0,1.0,1.0,5.0,3.0,,"57,575.00",0.0,19.0,Production Technician I,MA,1550.0,04/18/80,M ,Single,US Citizen,No,Asian,7/8/2013,,N/A-StillEmployed,Active,,Kissy Sullivan,20.0,LinkedIn,Fully Meets,4.1,4.0,,1/22/2019,,13.0,,"57,575.00",,
197,"Navathe, Kurt",10079.0,,0.0,1.0,1.0,3.0,3.0,0.0,"87,921.00",0.0,22.0,Senior BI Developer,MA,2056.0,04/25/70,,Single,,No,,2/10/2017,,N/A-StillEmployed,Active,,,13.0,Indeed,Fully Meets,5.0,3.0,6.0,,,17.0,,"87,921.00",,
198,"Ndzi, Colombui",10215.0,0.0,0.0,1.0,5.0,5.0,3.0,1.0,"50,470.00",1.0,19.0,Production Technician I,MA,2110.0,05/02/89,F,Single,,No,Black or African American,9/26/2011,4/4/2014,return to school,Voluntarily Terminated,,Webster Butler,39.0,Diversity Job Fair,Fully Meets,4.3,3.0,0.0,3/2/2013,0.0,19.0,,"50,470.00",,
199,"Ndzi, Horia",10185.0,,1.0,1.0,5.0,5.0,3.0,,"46,664.00",1.0,19.0,Production Technician I,MA,2421.0,03/28/83,M ,Married,US Citizen,No,White,,5/25/2016,,Voluntarily Terminated,Production       ,,11.0,Employee Referral,Fully Meets,3.18,3.0,0.0,,0.0,10.0,,"46,664.00",,"Twenty-Fourth November, 1987"
200,"Newman, Richard ",10063.0,,1.0,1.0,3.0,5.0,3.0,,"48,495.00",0.0,19.0,Production Technician I,MA,2136.0,04/08/77,,Married,US Citizen,No,White,,,N/A-StillEmployed,Active,Production       ,Ketsia Liebig,19.0,LinkedIn,Fully Meets,5.0,5.0,0.0,2/18/2019,0.0,11.0,,"48,495.00",,
201,"Ngodup, Shari ",10037.0,0.0,3.0,0.0,1.0,5.0,4.0,,"52,984.00",0.0,19.0,Production Technician I,MA,1810.0,06/03/67,M,Separated,,No,Black or African American,4/1/2013,,Terminated,Active,Production       ,,12.0,Diversity Job Fair,Exceeds,4.0,3.0,0.0,2/13/2019,0.0,12.0,,"52,984.00",,
202,"Nguyen, Dheepa",10042.0,,0.0,0.0,1.0,6.0,3.0,0.0,"63,695.00",0.0,3.0,Area Sales Manager,GA,30428.0,03/31/89,M,Single,US Citizen,No,Two or more races,,,N/A-StillEmployed,Active,,Lynn Daneault,21.0,,Fully Meets,5.0,5.0,,1/25/2019,,2.0,,"63,695.00",,
203,"Nguyen, Lei-Ming",10206.0,0.0,0.0,0.0,1.0,5.0,,0.0,"62,061.00",0.0,19.0,Production Technician I,MA,2132.0,07/07/84,,Single,US Citizen,No,,7/8/2013,,N/A-StillEmployed,Active,Production       ,,14.0,LinkedIn,Fully Meets,3.6,5.0,,1/2/2019,,4.0,,"62,061.00",,
204,,10104.0,0.0,0.0,0.0,1.0,5.0,3.0,0.0,"66,738.00",0.0,20.0,Production Technician II,MA,1040.0,11/23/85,F,Single,US Citizen,No,White,11/10/2014,,N/A-StillEmployed,Active,Production       ,,16.0,,Fully Meets,4.53,5.0,0.0,,0.0,5.0,,"66,738.00",,
205,,10303.0,0.0,0.0,0.0,4.0,5.0,1.0,0.0,"52,674.00",1.0,19.0,Production Technician I,MA,2152.0,09/30/80,F,Single,US Citizen,No,,3/31/2014,5/1/2018,performance,Terminated for Cause,,Kissy Sullivan,20.0,LinkedIn,PIP,2.33,2.0,,3/9/2018,,3.0,,"52,674.00",,
206,"Oliver, Brooke ",10078.0,,1.0,0.0,5.0,5.0,3.0,,"71,966.00",1.0,20.0,Production Technician II,MA,2492.0,02/11/52,M,Married,,No,Asian,5/14/2012,8/19/2013,unhappy,Voluntarily Terminated,,,39.0,LinkedIn,Fully Meets,5.0,3.0,0.0,7/2/2013,0.0,17.0,,"71,966.00",,
207,"Onque, Jasmine",10121.0,0.0,0.0,0.0,1.0,6.0,3.0,0.0,"63,051.00",0.0,3.0,Area Sales Manager,FL,33174.0,05/11/90,,Single,,Yes,,,,N/A-StillEmployed,Active,Sales,,21.0,Indeed,Fully Meets,4.28,3.0,0.0,1/25/2019,,1.0,,"63,051.00",,
208,,10021.0,1.0,1.0,1.0,1.0,5.0,4.0,0.0,"47,414.00",0.0,19.0,Production Technician I,MA,2478.0,12/11/76,M ,Married,US Citizen,No,,9/30/2013,,N/A-StillEmployed,Active,Production       ,Kelley Spirea,18.0,LinkedIn,Exceeds,5.0,3.0,,,0.0,13.0,,"47,414.00",,
209,,10281.0,0.0,0.0,1.0,1.0,5.0,2.0,0.0,"53,060.00",0.0,19.0,Production Technician I,MA,1760.0,11/24/79,M ,Single,US Citizen,No,Black or African American,2/17/2014,,N/A-StillEmployed,Active,Production       ,,22.0,LinkedIn,Needs Improvement,4.25,3.0,0.0,2/4/2019,4.0,6.0,,"53,060.00",,
210,,10041.0,0.0,0.0,1.0,1.0,6.0,3.0,,"68,829.00",0.0,3.0,Area Sales Manager,NC,27229.0,05/19/82,M ,Single,US Citizen,No,White,1/5/2015,,Terminated,Active,Sales,John Smith,17.0,Website,Fully Meets,5.0,5.0,0.0,1/14/2019,0.0,18.0,,"68,829.00",,
211,"Panjwani, Nina",10148.0,1.0,1.0,0.0,5.0,5.0,3.0,,"63,515.00",1.0,19.0,Production Technician I,MA,2351.0,05/01/79,,Married,US Citizen,No,White,2/7/2011,1/12/2014,,Voluntarily Terminated,Production       ,Elijiah Gray,16.0,Google Search,Fully Meets,3.89,4.0,0.0,3/4/2013,0.0,7.0,,"63,515.00",,
212,,10005.0,0.0,0.0,1.0,5.0,4.0,4.0,1.0,"108,987.00",1.0,24.0,Software Engineer,MA,1844.0,02/20/79,M ,Single,US Citizen,No,Black or African American,,9/7/2015,Another position,Voluntarily Terminated,Software Engineering,Alex Sweetwater,10.0,Diversity Job Fair,Exceeds,5.0,5.0,3.0,8/16/2015,0.0,13.0,,"108,987.00",,
213,,10259.0,,1.0,1.0,5.0,3.0,3.0,0.0,"93,093.00",1.0,9.0,Data Analyst,MA,2747.0,09/05/84,M ,Married,US Citizen,No,,12/1/2014,5/1/2016,performance,Voluntarily Terminated,IT/IS,,4.0,Employee Referral,Fully Meets,4.7,4.0,5.0,,0.0,19.0,,"93,093.00",,
214,,10286.0,0.0,0.0,1.0,5.0,5.0,2.0,0.0,"53,564.00",1.0,19.0,Production Technician I,MA,2458.0,03/17/88,,Single,US Citizen,No,,1/10/2011,12/28/2017,,Voluntarily Terminated,Production       ,Webster Butler,39.0,Google Search,Needs Improvement,3.54,5.0,0.0,4/6/2017,,15.0,,"53,564.00",,
215,,10297.0,1.0,1.0,0.0,5.0,5.0,2.0,0.0,"60,270.00",1.0,20.0,Production Technician II,MA,2472.0,07/18/89,M,Married,US Citizen,No,,7/5/2011,9/15/2015,unhappy,Voluntarily Terminated,Production       ,,11.0,CareerBuilder,Needs Improvement,2.4,5.0,0.0,,,2.0,,"60,270.00",,
216,"Perry, Shakira",10171.0,0.0,0.0,0.0,5.0,5.0,3.0,,"45,998.00",1.0,19.0,Production Technician I,MA,2176.0,07/20/86,M,Single,US Citizen,No,White,5/16/2011,10/25/2015,medical issues,Voluntarily Terminated,Production       ,,11.0,,Fully Meets,3.45,4.0,0.0,5/13/2014,0.0,5.0,,"45,998.00",,
217,"Peters, Lauren",10032.0,1.0,1.0,0.0,5.0,5.0,,0.0,"57,954.00",1.0,20.0,Production Technician II,MA,1886.0,08/17/86,M,Married,US Citizen,No,,5/16/2011,2/4/2013,more money,Voluntarily Terminated,,Ketsia Liebig,19.0,Indeed,Exceeds,4.2,5.0,,1/10/2013,0.0,12.0,,"57,954.00",,
218,"Peterson, Ebonee  ",10130.0,1.0,1.0,0.0,5.0,5.0,3.0,,"74,669.00",1.0,18.0,Production Manager,MA,2030.0,05/09/77,,Married,US Citizen,No,White,10/25/2010,5/18/2016,Another position,Voluntarily Terminated,Production       ,,2.0,Indeed,Fully Meets,4.16,5.0,,3/5/2015,0.0,6.0,,"74,669.00",,
219,,10217.0,1.0,1.0,0.0,1.0,5.0,3.0,0.0,"74,226.00",0.0,20.0,Production Technician II,MA,2050.0,03/10/79,,Married,Eligible NonCitizen,No,Asian,4/2/2012,,N/A-StillEmployed,Active,,Brannon Miller,12.0,LinkedIn,Fully Meets,4.3,3.0,,,0.0,14.0,,"74,226.00",,
220,"Petrowsky, Thelma",10016.0,1.0,1.0,0.0,1.0,3.0,4.0,0.0,"93,554.00",0.0,9.0,Data Analyst,MA,1886.0,09/16/84,F,Married,US Citizen,No,Black or African American,11/10/2014,,Terminated,Active,,Simon Roup,4.0,Employee Referral,Exceeds,4.6,5.0,7.0,,0.0,16.0,,"93,554.00",,
221,,10050.0,1.0,1.0,1.0,5.0,5.0,3.0,,"64,724.00",1.0,19.0,Production Technician I,MA,2451.0,03/06/88,M ,Married,US Citizen,No,Asian,7/5/2011,11/30/2012,more money,Voluntarily Terminated,Production       ,,12.0,,Fully Meets,5.0,3.0,0.0,2/20/2012,0.0,13.0,,"64,724.00",,
222,"PITT, BRAD ",10164.0,0.0,0.0,1.0,1.0,5.0,,,"47,001.00",0.0,19.0,Production Technician I,MA,2451.0,11/23/81,,Single,,No,,11/5/2007,,N/A-StillEmployed,Active,,David Stanley,14.0,Google Search,Fully Meets,3.66,3.0,,2/25/2019,,15.0,,"47,001.00",,No Data
223,,10124.0,1.0,1.0,0.0,1.0,6.0,3.0,,"61,844.00",0.0,3.0,Area Sales Manager,KY,40220.0,08/29/88,M,Married,US Citizen,No,Black or African American,1/9/2012,,Terminated,Active,Sales,Lynn Daneault,21.0,Website,Fully Meets,4.2,5.0,0.0,,0.0,9.0,,"61,844.00",,
224,,10187.0,,2.0,0.0,5.0,5.0,3.0,0.0,"46,799.00",1.0,19.0,Production Technician I,MA,1742.0,10/15/84,M,Divorced,Eligible NonCitizen,No,Asian,5/16/2011,6/4/2018,,Voluntarily Terminated,,Kissy Sullivan,20.0,,Fully Meets,3.17,4.0,,4/2/2018,0.0,14.0,,"46,799.00",,
225,"Punjabhi, Louis  ",10225.0,0.0,0.0,1.0,1.0,5.0,3.0,,"59,472.00",0.0,19.0,Production Technician I,MA,2109.0,06/19/61,F,Single,,No,White,1/6/2014,,Terminated,Active,,,18.0,Employee Referral,Fully Meets,4.8,3.0,0.0,,0.0,14.0,,"59,472.00",,
226,,10262.0,0.0,2.0,0.0,5.0,5.0,3.0,,"46,430.00",1.0,19.0,Production Technician I,MA,2474.0,09/22/70,,Divorced,US Citizen,No,White,,6/18/2013,unhappy,Voluntarily Terminated,Production       ,,20.0,Indeed,Fully Meets,4.5,5.0,0.0,4/2/2013,0.0,16.0,,"46,430.00",-5.0,
227,"Quinn, Sean",10131.0,1.0,1.0,1.0,5.0,1.0,3.0,1.0,"83,363.00",1.0,23.0,Software Engineer,MA,2045.0,11/06/84,F,Married,Eligible NonCitizen,No,Black or African American,,8/15/2015,career change,Voluntarily Terminated,,Janet King,2.0,,Fully Meets,4.15,4.0,,4/19/2014,0.0,4.0,,"83,363.00",,
228,"Rachael, Maggie",10239.0,1.0,1.0,0.0,1.0,3.0,3.0,,"95,920.00",0.0,4.0,BI Developer,MA,2110.0,05/12/80,M,Married,US Citizen,No,Black or African American,10/2/2016,,N/A-StillEmployed,Active,IT/IS,Brian Champaigne,13.0,Indeed,Fully Meets,4.4,4.0,6.0,2/6/2019,,10.0,,"95,920.00",,
229,"Rarrick, Quinn",10152.0,0.0,2.0,1.0,5.0,5.0,3.0,0.0,"61,729.00",1.0,19.0,Production Technician I,MA,2478.0,12/31/84,,Divorced,US Citizen,No,,9/26/2011,4/7/2018,,Voluntarily Terminated,Production       ,,22.0,Indeed,Fully Meets,3.8,5.0,0.0,2/4/2018,,19.0,,"61,729.00",,
230,,10140.0,1.0,1.0,1.0,1.0,6.0,3.0,,"61,809.00",0.0,3.0,Area Sales Manager,ID,83706.0,10/12/54,M ,Married,US Citizen,No,White,5/12/2014,,N/A-StillEmployed,Active,Sales,John Smith,17.0,CareerBuilder,Fully Meets,3.98,3.0,,1/28/2019,0.0,4.0,,"61,809.00",,
231,,10058.0,0.0,2.0,1.0,5.0,5.0,3.0,,"45,115.00",1.0,19.0,Production Technician I,MA,2176.0,07/22/82,F,Divorced,US Citizen,Yes,White,5/16/2011,1/15/2016,retiring,Voluntarily Terminated,,Elijiah Gray,16.0,LinkedIn,Fully Meets,5.0,4.0,0.0,3/30/2015,,11.0,,"45,115.00",,
232,"Rivera, Haley  ",10011.0,,1.0,0.0,1.0,5.0,4.0,,"46,738.00",0.0,19.0,Production Technician I,MA,2171.0,01/12/73,F,Married,US Citizen,No,Asian,11/28/2011,,N/A-StillEmployed,Active,Production       ,Webster Butler,,Google Search,Exceeds,4.36,5.0,0.0,2/11/2019,0.0,16.0,,"46,738.00",,
233,"Roberson, May",10230.0,0.0,2.0,0.0,5.0,5.0,,,"64,971.00",1.0,20.0,Production Technician II,MA,1902.0,09/05/81,M,Divorced,Eligible NonCitizen,No,Black or African American,9/26/2011,10/22/2011,return to school,Voluntarily Terminated,Production       ,David Stanley,14.0,Google Search,Fully Meets,4.5,4.0,0.0,10/22/2011,,10.0,,"64,971.00",,
234,"Robertson, Peter",10224.0,1.0,1.0,1.0,5.0,5.0,3.0,0.0,"55,578.00",1.0,20.0,Production Technician II,MA,2138.0,07/03/72,,Married,US Citizen,No,White,,2/8/2012,,Voluntarily Terminated,Production       ,,20.0,Indeed,Fully Meets,4.2,5.0,,1/6/2012,0.0,13.0,,"55,578.00",,
235,"Robinson, Alain  ",10047.0,1.0,1.0,1.0,5.0,5.0,3.0,0.0,"50,428.00",1.0,19.0,Production Technician I,MA,1420.0,01/07/74,,Married,US Citizen,No,Black or African American,1/10/2011,1/26/2016,attendance,Voluntarily Terminated,Production       ,Amy Dunn,11.0,Indeed,Fully Meets,5.0,3.0,0.0,1/10/2015,0.0,11.0,,"50,428.00",,
236,,10285.0,,1.0,0.0,4.0,5.0,2.0,,"61,422.00",1.0,19.0,Production Technician I,MA,1460.0,01/07/85,F,Married,US Citizen,No,White,1/10/2011,5/17/2016,attendance,Terminated for Cause,,Ketsia Liebig,19.0,Indeed,Needs Improvement,3.6,3.0,,4/5/2016,4.0,16.0,,"61,422.00",,
237,"Robinson, Elias",10020.0,0.0,4.0,1.0,1.0,5.0,4.0,,"63,353.00",0.0,19.0,Production Technician I,MA,1730.0,01/28/85,M ,Widowed,US Citizen,No,White,,,,Active,Production       ,Brannon Miller,12.0,Employee Referral,Exceeds,3.6,5.0,,2/11/2019,0.0,4.0,,"63,353.00",,
238,"Roby, Lori ",10162.0,1.0,1.0,0.0,1.0,3.0,3.0,0.0,"89,883.00",0.0,9.0,Data Analyst,MA,1886.0,10/11/81,M,Married,US Citizen,No,White,2/16/2015,,Terminated,Active,IT/IS,Simon Roup,4.0,Employee Referral,Fully Meets,3.69,5.0,,2/14/2019,0.0,15.0,,"89,883.00",,
239,"Roehrich, Bianca",10149.0,0.0,0.0,0.0,5.0,3.0,3.0,,"120,000.00",1.0,29.0,Principal Data Architect,MA,2703.0,05/27/73,M,Single,US Citizen,Yes,White,1/5/2015,11/10/2018,Another position,Voluntarily Terminated,,Simon Roup,4.0,LinkedIn,Fully Meets,3.88,3.0,7.0,,0.0,12.0,,"120,000.00",,
240,,10086.0,0.0,0.0,0.0,1.0,3.0,3.0,,"150,290.00",0.0,7.0,Data Architect,Ma,2056.0,11/21/72,,Single,US Citizen,No,Black or African American,1/7/2017,,Terminated,Active,,Brian Champaigne,13.0,Indeed,Fully Meets,4.94,3.0,,,0.0,17.0,,"150,290.00",,
241,,10054.0,0.0,3.0,0.0,1.0,5.0,3.0,,"60,627.00",0.0,19.0,Production Technician I,MA,1886.0,12/05/74,M,Separated,US Citizen,No,,1/6/2014,,N/A-StillEmployed,Active,,David Stanley,14.0,Website,Fully Meets,5.0,4.0,,1/31/2019,,8.0,,"60,627.00",,
242,"Rossetti, Bruno",10065.0,0.0,0.0,1.0,5.0,5.0,,0.0,"53,180.00",1.0,19.0,Production Technician I,MA,2155.0,03/18/87,,Single,US Citizen,No,White,4/4/2011,8/13/2018,,Voluntarily Terminated,Production       ,Kissy Sullivan,20.0,Google Search,Fully Meets,5.0,5.0,,7/2/2018,0.0,4.0,,"53,180.00",,
243,,10198.0,0.0,0.0,1.0,1.0,3.0,3.0,,"140,920.00",0.0,13.0,IT Manager - DB,MA,2481.0,04/05/73,F,Single,US Citizen,No,White,1/20/2013,,Terminated,Active,IT/IS,Jennifer Zamora,5.0,Indeed,Fully Meets,3.6,5.0,7.0,2/18/2019,0.0,13.0,,"140,920.00",150.0,
244,"Ruiz, Ricardo",10222.0,0.0,2.0,1.0,5.0,3.0,3.0,1.0,"148,999.00",1.0,13.0,IT Manager - DB,MA,1915.0,01/04/64,M ,Divorced,US Citizen,No,Black or African American,,11/4/2015,hours,Voluntarily Terminated,IT/IS,Jennifer Zamora,5.0,Diversity Job Fair,Fully Meets,4.3,4.0,6.0,1/4/2015,0.0,8.0,,"148,999.00",,
245,"Saada, Adell",10126.0,,1.0,0.0,1.0,4.0,3.0,,"86,214.00",0.0,24.0,Software Engineer,MA,2132.0,07/24/86,M,Married,,No,White,11/5/2012,,Terminated,Active,Software Engineering,Alex Sweetwater,10.0,Indeed,Fully Meets,4.2,3.0,6.0,2/13/2019,0.0,2.0,,"86,214.00",,
246,,10295.0,0.0,0.0,0.0,2.0,5.0,2.0,1.0,"47,750.00",0.0,19.0,Production Technician I,MA,1801.0,06/06/68,M,Single,US Citizen,No,,7/4/2016,,,Active,Production       ,,18.0,Diversity Job Fair,Needs Improvement,2.6,4.0,,,,4.0,,"47,750.00",,
247,,10260.0,0.0,0.0,1.0,5.0,5.0,3.0,,"46,428.00",1.0,19.0,Production Technician I,MA,2148.0,12/21/74,,Single,US Citizen,No,,,7/30/2018,relocation out of area,Voluntarily Terminated,Production       ,Michael Albert,22.0,Google Search,Fully Meets,4.6,5.0,0.0,2/5/2018,,7.0,,"46,428.00",,
248,,10233.0,,1.0,1.0,1.0,5.0,3.0,,"57,975.00",0.0,20.0,Production Technician II,MA,2062.0,04/26/86,F,Married,US Citizen,No,White,8/30/2010,,,Active,Production       ,,18.0,CareerBuilder,Fully Meets,4.1,3.0,0.0,,,13.0,,"57,975.00",,
249,"Salter, Jason",10229.0,0.0,2.0,1.0,5.0,3.0,3.0,,"88,527.00",1.0,9.0,Data Analyst ,MA,2452.0,12/17/87,,Divorced,US Citizen,No,Black or African American,1/5/2015,10/31/2015,hours,Voluntarily Terminated,IT/IS,Simon Roup,4.0,LinkedIn,Fully Meets,4.2,3.0,5.0,4/20/2015,,2.0,,"88,527.00",,
250,,10169.0,1.0,1.0,0.0,1.0,5.0,3.0,0.0,"56,147.00",0.0,19.0,Production Technician I,MA,2154.0,07/10/88,F,Married,US Citizen,No,Black or African American,9/29/2014,,N/A-StillEmployed,Active,Production       ,Elijiah Gray,16.0,LinkedIn,Fully Meets,3.51,3.0,,2/18/2019,0.0,2.0,,"56,147.00",,
251,"Sewkumar, Nori",10071.0,0.0,0.0,0.0,3.0,5.0,3.0,,"50,923.00",0.0,19.0,Production Technician I,MA,2191.0,03/10/75,M,Single,,No,Asian,,,N/A-StillEmployed,Active,Production       ,Webster Butler,,Google Search,Fully Meets,5.0,5.0,0.0,2/6/2019,,14.0,,"50,923.00",,
252,,10179.0,1.0,1.0,0.0,1.0,3.0,3.0,0.0,"50,750.00",0.0,15.0,Network Engineer,MA,1773.0,04/14/81,M,Married,US Citizen,No,White,9/30/2014,,,Active,IT/IS,Peter Monroe,7.0,LinkedIn,Fully Meets,3.31,3.0,6.0,1/7/2019,,7.0,,"50,750.00",,
253,,10091.0,1.0,1.0,0.0,1.0,5.0,3.0,0.0,"52,087.00",0.0,19.0,Production Technician I,MA,2149.0,08/24/85,F,Married,US Citizen,No,White,8/19/2013,,N/A-StillEmployed,Active,Production       ,Amy Dunn,11.0,LinkedIn,Fully Meets,4.81,4.0,,2/15/2019,0.0,15.0,,"52,087.00",,
254,"Simard, Kramer",10178.0,1.0,1.0,1.0,1.0,3.0,3.0,,"87,826.00",0.0,9.0,Data Analyst,MA,2110.0,02/08/70,M ,Married,US Citizen,Yes,White,1/5/2015,,N/A-StillEmployed,Active,,Simon Roup,4.0,Employee Referral,Fully Meets,3.32,3.0,,1/14/2019,0.0,16.0,,"87,826.00",,
255,"Singh, Nan ",10039.0,0.0,0.0,0.0,1.0,1.0,3.0,,"51,920.00",0.0,2.0,Administrative Assistant,MA,2330.0,05/19/88,M,Single,US Citizen,No,White,5/1/2015,,N/A-StillEmployed,Active,Admin Offices,Brandon R. LeBlanc,1.0,Website,Fully Meets,5.0,3.0,,1/15/2019,,2.0,,"51,920.00",,
256,,10095.0,0.0,0.0,0.0,5.0,5.0,3.0,,"63,878.00",1.0,20.0,Production Technician II,MA,1851.0,11/25/87,F,Single,US Citizen,No,,10/26/2009,4/8/2015,maternity leave - did not return,Voluntarily Terminated,,Michael Albert,22.0,,Fully Meets,4.68,4.0,,4/2/2015,,20.0,,"63,878.00",,
257,,10027.0,,0.0,1.0,1.0,5.0,4.0,,"60,656.00",0.0,20.0,Production Technician II,MA,2045.0,10/30/63,F,Single,,No,White,,,N/A-StillEmployed,Active,Production       ,Elijiah Gray,16.0,Indeed,Exceeds,4.3,3.0,,1/28/2019,,4.0,,"60,656.00",,
258,"Smith, John",10291.0,0.0,2.0,1.0,1.0,6.0,2.0,,"72,992.00",0.0,21.0,Sales Manager,MA,1886.0,08/16/84,,Divorced,US Citizen,No,,5/18/2014,,Terminated,Active,Sales,,15.0,Diversity Job Fair,Needs Improvement,2.4,4.0,0.0,1/16/2019,,16.0,,"72,992.00",,
259,,10153.0,1.0,1.0,0.0,5.0,1.0,,1.0,"55,000.00",1.0,2.0,Administrative Assistant,MA,1844.0,06/14/87,F,Married,US Citizen,No,Black or African American,9/26/2011,9/25/2013,career change,Voluntarily Terminated,,Brandon R. LeBlanc,1.0,Diversity Job Fair,Fully Meets,3.8,4.0,4.0,,0.0,17.0,,"55,000.00",,
260,,10157.0,0.0,0.0,0.0,1.0,5.0,3.0,,"58,939.00",0.0,19.0,Production Technician I,MA,2130.0,02/02/65,F,Single,US Citizen,No,,11/11/2013,,N/A-StillEmployed,Active,Production       ,,19.0,Employee Referral,Fully Meets,3.73,3.0,0.0,,,16.0,,"58,939.00",,
261,,10119.0,1.0,1.0,0.0,1.0,3.0,3.0,,"66,593.00",0.0,14.0,IT Support,MA,2360.0,03/12/73,,Married,US Citizen,No,Black or African American,6/10/2011,,N/A-StillEmployed,Active,IT/IS,,6.0,LinkedIn,Fully Meets,4.3,3.0,5.0,2/8/2019,0.0,19.0,,"66,593.00",,
262,"Soze, Keyser",10180.0,,1.0,1.0,2.0,3.0,3.0,0.0,"87,565.00",0.0,28.0,Sr. Network Engineer,MA,1545.0,02/09/83,F,Married,US Citizen,No,,6/30/2016,,N/A-StillEmployed,Active,IT/IS,Peter Monroe,7.0,LinkedIn,Fully Meets,3.27,4.0,5.0,1/14/2019,,13.0,,"87,565.00",,
263,"Sparks, Taylor  ",10302.0,1.0,1.0,0.0,1.0,5.0,1.0,0.0,"64,021.00",0.0,19.0,Production Technician I,MA,2093.0,07/20/68,,Married,US Citizen,No,White,2/20/2012,,,Active,,,12.0,Indeed,PIP,2.4,2.0,,2/25/2019,6.0,20.0,,"64,021.00",,
264,"Spirea, Kelley",10090.0,1.0,1.0,0.0,1.0,5.0,3.0,,"65,714.00",0.0,18.0,Production Manager,MA,2451.0,09/30/75,,Married,US Citizen,No,White,10/2/2012,,N/A-StillEmployed,Active,Production       ,Janet King,2.0,LinkedIn,Fully Meets,4.83,5.0,,2/14/2019,0.0,15.0,,"65,714.00",,
265,"Squatrito, Kristen",10030.0,,2.0,0.0,5.0,5.0,4.0,,"62,425.00",1.0,19.0,Production Technician I,MA,2359.0,03/26/73,M,Divorced,US Citizen,No,,5/13/2013,6/29/2015,unhappy,Voluntarily Terminated,,,14.0,LinkedIn,Exceeds,4.1,4.0,0.0,,0.0,16.0,,"62,425.00",,
266,"Stanford,Barbara  M",10278.0,0.0,2.0,0.0,1.0,5.0,3.0,,"47,961.00",0.0,19.0,Production Technician I,MA,2050.0,08/25/82,M,Divorced,US Citizen,No,,1/10/2011,,N/A-StillEmployed,Active,,Kissy Sullivan,20.0,,Fully Meets,4.1,4.0,,2/7/2019,0.0,9.0,,"47,961.00",,
267,,10307.0,1.0,1.0,1.0,1.0,6.0,1.0,0.0,"58,273.00",0.0,3.0,Area Sales Manager,NV,89139.0,05/09/74,M ,Married,US Citizen,No,White,,,N/A-StillEmployed,Active,,,21.0,Website,PIP,1.81,2.0,,1/17/2019,,5.0,,"58,273.00",,Invalid Date
268,,10147.0,,0.0,1.0,1.0,1.0,3.0,0.0,"63,003.00",0.0,1.0,Accountant I,MA,2703.0,09/01/86,,Single,US Citizen,No,White,9/29/2014,,,Active,Admin Offices,Brandon R. LeBlanc,1.0,Indeed,Fully Meets,3.9,5.0,5.0,1/18/2019,0.0,9.0,,"63,003.00",,
269,"Stoica, Rick",10266.0,1.0,1.0,1.0,1.0,5.0,3.0,,"61,355.00",0.0,19.0,Production Technician I,MA,2301.0,03/14/85,F,Married,US Citizen,No,Asian,,,N/A-StillEmployed,Active,Production       ,Kelley Spirea,18.0,LinkedIn,Fully Meets,4.7,3.0,0.0,1/11/2019,0.0,4.0,,"61,355.00",,
270,"Strong, Caitrin",10241.0,1.0,1.0,0.0,1.0,6.0,3.0,,"60,120.00",0.0,3.0,Area Sales Manager,MT,59102.0,05/12/89,,Married,US Citizen,No,,9/27/2010,,N/A-StillEmployed,Active,Sales,John Smith,17.0,Indeed,Fully Meets,4.1,4.0,,1/31/2019,0.0,18.0,,"60,120.00",,
271,,10158.0,1.0,1.0,0.0,1.0,5.0,3.0,,"63,682.00",0.0,18.0,Production Manager,MA,1776.0,03/28/78,M,Married,US Citizen,No,Black or African American,1/8/2009,,Terminated,Active,,Janet King,2.0,,Fully Meets,3.73,4.0,0.0,1/24/2019,,12.0,,"63,682.00",,
272,,10117.0,1.0,1.0,1.0,1.0,5.0,,0.0,"63,025.00",0.0,19.0,Production Technician I,MA,2747.0,10/07/82,M ,Married,US Citizen,Yes,White,1/5/2015,,Terminated,Active,,Michael Albert,22.0,Google Search,Fully Meets,4.36,5.0,0.0,1/24/2019,,10.0,,"63,025.00",,
273,,10209.0,0.0,0.0,0.0,1.0,5.0,3.0,,"59,238.00",0.0,19.0,Production Technician I,MA,2718.0,08/15/68,F,Single,,No,Asian,5/14/2012,,Terminated,Active,Production       ,Elijiah Gray,16.0,Indeed,Fully Meets,3.4,5.0,,1/31/2019,,13.0,,"59,238.00",,"Twenty-Fourth November, 1987"
274,,10024.0,0.0,0.0,1.0,1.0,4.0,4.0,0.0,"92,989.00",0.0,24.0,Software Engineer,MA,2140.0,05/06/83,M ,Single,US Citizen,No,White,7/7/2014,,N/A-StillEmployed,Active,,Alex Sweetwater,10.0,LinkedIn,Exceeds,4.5,5.0,5.0,2/18/2019,0.0,1.0,,"92,989.00",,
275,,10173.0,1.0,1.0,1.0,1.0,3.0,3.0,,"90,100.00",0.0,4.0,BI Developer,MA,2134.0,10/24/87,,Married,US Citizen,No,,,,N/A-StillEmployed,Active,,Brian Champaigne,13.0,Indeed,Fully Meets,3.4,3.0,,1/2/2019,,14.0,,"90,100.00",,
276,,10221.0,1.0,1.0,0.0,5.0,5.0,3.0,1.0,"60,754.00",1.0,19.0,Production Technician I,MA,1801.0,04/03/75,,Married,,No,Black or African American,4/27/2009,4/1/2013,Another position,Voluntarily Terminated,,Webster Butler,39.0,Diversity Job Fair,Fully Meets,4.5,5.0,,2/15/2012,0.0,11.0,,"60,754.00",,
277,"TEJEDA, LENORA ",10146.0,1.0,1.0,0.0,5.0,5.0,3.0,0.0,"72,202.00",1.0,20.0,Production Technician II,MA,2129.0,05/24/53,,Married,US Citizen,No,White,,7/8/2017,Another position,Voluntarily Terminated,Production       ,,16.0,Google Search,Fully Meets,3.93,3.0,,,0.0,3.0,,"72,202.00",,
278,"Terry, Sharlene ",10161.0,0.0,0.0,0.0,1.0,6.0,3.0,0.0,"58,370.00",0.0,3.0,Area Sales Manager,OR,97756.0,05/07/65,,Single,US Citizen,No,,9/29/2014,,Terminated,Active,Sales,Lynn Daneault,21.0,Indeed,Fully Meets,3.69,3.0,0.0,1/28/2019,,18.0,,"58,370.00",,
279,,10141.0,0.0,0.0,0.0,5.0,5.0,3.0,,"48,413.00",1.0,19.0,Production Technician I,MA,2066.0,05/09/65,M,Single,US Citizen,No,,7/5/2011,9/5/2016,return to school,Voluntarily Terminated,,Amy Dunn,11.0,Indeed,Fully Meets,3.98,4.0,0.0,3/2/2016,0.0,1.0,,"48,413.00",,
280,,10268.0,,4.0,1.0,5.0,5.0,3.0,0.0,"67,176.00",1.0,20.0,Production Technician II,MA,2472.0,09/16/75,F,Widowed,,No,,,8/30/2010,military,Voluntarily Terminated,Production       ,Webster Butler,39.0,Other,Fully Meets,4.1,4.0,0.0,7/14/2010,0.0,15.0,,"67,176.00",,
281,,10123.0,,2.0,0.0,1.0,5.0,,0.0,"56,339.00",0.0,19.0,Production Technician I,MA,2093.0,06/05/67,F,Divorced,US Citizen,No,Black or African American,2/18/2013,,,Active,Production       ,,12.0,Indeed,Fully Meets,4.21,5.0,0.0,1/14/2019,,4.0,,"56,339.00",,
282,,10013.0,0.0,3.0,1.0,1.0,6.0,4.0,,"64,397.00",0.0,3.0,Area Sales Manager,ND,58782.0,01/15/68,,Separated,,No,White,,,Terminated,Active,Sales,Lynn Daneault,21.0,Indeed,Exceeds,4.1,3.0,0.0,1/4/2019,0.0,6.0,,"64,397.00",,
283,"Trang, Mei",10287.0,0.0,0.0,0.0,1.0,5.0,2.0,,"63,025.00",0.0,19.0,Production Technician I,MA,2021.0,05/16/83,,Single,US Citizen,No,White,,,Terminated,Active,Production       ,David Stanley,14.0,LinkedIn,Needs Improvement,2.44,5.0,0.0,2/11/2019,,18.0,,"63,025.00",,
284,,10044.0,1.0,1.0,1.0,5.0,3.0,3.0,0.0,"75,281.00",1.0,15.0,Network Engineer,MA,1420.0,05/05/88,M ,Married,US Citizen,No,White,1/5/2015,2/12/2016,,Voluntarily Terminated,,,7.0,CareerBuilder,Fully Meets,5.0,3.0,,4/15/2015,0.0,11.0,,"75,281.00",,Invalid Date
285,"True, Edward",10102.0,0.0,0.0,1.0,5.0,4.0,3.0,,"100,416.00",1.0,24.0,Software Engineer,Ma,2451.0,06/14/83,M ,Single,Non-Citizen,No,Black or African American,,4/15/2018,,Voluntarily Terminated,,Alex Sweetwater,10.0,Diversity Job Fair,Fully Meets,4.6,3.0,4.0,2/12/2017,0.0,9.0,,"100,416.00",,
286,"Trzeciak, Cybil",10270.0,0.0,0.0,0.0,5.0,5.0,3.0,0.0,"74,813.00",1.0,20.0,Production Technician II,MA,1778.0,03/15/85,F,Single,US Citizen,No,White,1/10/2011,7/2/2014,unhappy,Voluntarily Terminated,,,11.0,LinkedIn,Fully Meets,4.4,3.0,0.0,,0.0,5.0,,"74,813.00",,
287,,10045.0,,1.0,1.0,1.0,3.0,3.0,0.0,"76,029.00",0.0,15.0,Network Engineer,MA,2343.0,03/31/69,,Married,Eligible NonCitizen,No,,3/30/2015,,Terminated,Active,IT/IS,Peter Monroe,7.0,,Fully Meets,5.0,4.0,,,,8.0,,"76,029.00",,
288,"Valentin,Jackie",10205.0,1.0,1.0,0.0,1.0,6.0,3.0,0.0,"57,859.00",0.0,3.0,Area Sales Manager,AZ,85006.0,05/23/91,M,Married,US Citizen,No,Two or more races,7/5/2011,,Terminated,Active,,John Smith,17.0,,Fully Meets,2.81,3.0,,,,16.0,,"57,859.00",,
289,"Veera, Abdellah ",10014.0,0.0,2.0,1.0,5.0,5.0,4.0,,"58,523.00",1.0,19.0,Production Technician I,MA,2171.0,01/31/87,M ,Divorced,US Citizen,No,White,,2/5/2016,maternity leave - did not return,Voluntarily Terminated,,Kissy Sullivan,20.0,LinkedIn,Exceeds,4.5,5.0,,2/1/2016,,15.0,,"58,523.00",,
290,,10144.0,0.0,2.0,1.0,1.0,5.0,3.0,,"88,976.00",0.0,17.0,Production Manager,MA,2169.0,10/10/68,M ,Divorced,US Citizen,No,,,,,Active,,Janet King,2.0,Employee Referral,Fully Meets,3.93,3.0,0.0,,0.0,19.0,,"88,976.00",,
291,,10253.0,0.0,0.0,1.0,1.0,6.0,3.0,0.0,"55,875.00",0.0,3.0,Area Sales Manager,ME,4063.0,07/11/89,,Single,US Citizen,No,Asian,,,Terminated,Active,,John Smith,17.0,Website,Fully Meets,4.5,4.0,0.0,,0.0,11.0,,"55,875.00",,"Twenty-Fourth November, 1987"
292,"Voldemort, Lord",10118.0,1.0,1.0,1.0,4.0,3.0,3.0,0.0,"113,999.00",1.0,8.0,Database Administrator,MA,1960.0,08/07/86,,Married,US Citizen,No,Black or African American,,2/22/2017,,Terminated for Cause,IT/IS,,4.0,Employee Referral,Fully Meets,4.33,3.0,,2/15/2017,0.0,9.0,,"113,999.00",,
293,"Volk, Colleen",10022.0,1.0,1.0,0.0,4.0,5.0,4.0,,"49,773.00",1.0,19.0,Production Technician I,MA,2747.0,06/03/86,,Married,US Citizen,No,White,9/26/2011,2/8/2016,gross misconduct,Terminated for Cause,,Kelley Spirea,18.0,Google Search,Exceeds,4.3,5.0,0.0,2/1/2015,,18.0,,"49,773.00",,
294,"Von Massenbach, Anna",10183.0,0.0,0.0,0.0,2.0,5.0,3.0,0.0,"62,068.00",0.0,19.0,Production Technician I,MA,2124.0,04/06/85,F,Single,US Citizen,No,White,,,Terminated,Active,,,22.0,LinkedIn,Fully Meets,3.21,3.0,0.0,1/29/2019,0.0,7.0,,"62,068.00",,
295,"WALKER, ROGER",10190.0,,0.0,1.0,1.0,5.0,3.0,,"66,541.00",0.0,20.0,Production Technician II,MA,2459.0,02/10/76,M ,Single,US Citizen,No,Black or African American,8/18/2014,,Terminated,Active,,Ketsia Liebig,19.0,Employee Referral,Fully Meets,3.11,5.0,0.0,2/12/2019,,4.0,,"66,541.00",,
296,,10274.0,1.0,1.0,0.0,5.0,5.0,3.0,1.0,"80,512.00",1.0,18.0,Production Manager,MA,2478.0,11/14/55,,Married,US Citizen,No,Black or African American,9/26/2011,1/2/2012,Another position,Voluntarily Terminated,Production       ,,2.0,Diversity Job Fair,Fully Meets,4.5,3.0,,1/2/2012,,5.0,,"80,512.00",,
297,,10293.0,0.0,0.0,0.0,5.0,5.0,2.0,,"50,274.00",1.0,19.0,Production Technician I,MA,1887.0,08/02/80,,Single,US Citizen,No,White,8/13/2012,9/1/2015,career change,Voluntarily Terminated,,Elijiah Gray,16.0,CareerBuilder,Needs Improvement,2.5,3.0,0.0,,6.0,13.0,,"50,274.00",,
298,,10172.0,0.0,0.0,1.0,1.0,3.0,3.0,0.0,"84,903.00",0.0,22.0,Senior BI Developer,MA,1887.0,07/08/81,F,Single,US Citizen,No,,2/15/2017,,,Active,IT/IS,Brian Champaigne,13.0,Indeed,Fully Meets,3.42,4.0,,1/4/2019,,17.0,,"84,903.00",,
299,,10127.0,0.0,4.0,0.0,1.0,3.0,3.0,,"107,226.00",0.0,28.0,Sr. Network Engineer,MA,2453.0,05/02/78,F,Widowed,US Citizen,No,,3/30/2015,,Terminated,Active,,Peter Monroe,7.0,Employee Referral,Fully Meets,4.2,4.0,8.0,2/5/2019,,7.0,,"107,226.00",,
300,,10072.0,0.0,0.0,1.0,5.0,5.0,3.0,0.0,"58,371.00",1.0,19.0,Production Technician I,MA,2030.0,05/24/87,,Single,US Citizen,Yes,,,5/15/2014,hours,Voluntarily Terminated,Production       ,Webster Butler,39.0,LinkedIn,Fully Meets,5.0,5.0,,,0.0,11.0,,"58,371.00",,
301,"Wilber, Barry",10048.0,1.0,1.0,1.0,5.0,5.0,3.0,0.0,"55,140.00",1.0,19.0,Production Technician I,MA,2324.0,09/09/65,M ,Married,Eligible NonCitizen,No,White,5/16/2011,9/7/2015,,Voluntarily Terminated,Production       ,Amy Dunn,11.0,Website,Fully Meets,5.0,3.0,,2/15/2015,0.0,7.0,,"55,140.00",,
302,,10204.0,0.0,2.0,0.0,5.0,5.0,3.0,,"58,062.00",1.0,19.0,Production Technician I,MA,1876.0,07/30/83,M,Divorced,US Citizen,No,White,,5/14/2012,Another position,Voluntarily Terminated,,,19.0,Google Search,Fully Meets,3.6,5.0,,2/6/2011,0.0,9.0,,"58,062.00",,
303,"Williams, Jacquelyn  ",10264.0,0.0,0.0,0.0,5.0,5.0,3.0,1.0,"59,728.00",1.0,19.0,Production Technician I,MA,2109.0,10/02/69,F,Single,US Citizen,Yes,Black or African American,1/9/2012,6/27/2015,relocation out of area,Voluntarily Terminated,Production       ,,19.0,Diversity Job Fair,Fully Meets,4.3,4.0,0.0,6/2/2014,0.0,16.0,,"59,728.00",,
304,,10033.0,0.0,0.0,1.0,5.0,5.0,4.0,0.0,"70,507.00",1.0,20.0,Production Technician II,MA,2045.0,11/07/58,,Single,US Citizen,No,White,,2/21/2016,retiring,Voluntarily Terminated,,Brannon Miller,12.0,,Exceeds,5.0,3.0,0.0,1/19/2016,0.0,7.0,,"70,507.00",,
305,,10174.0,0.0,0.0,0.0,1.0,5.0,,0.0,"60,446.00",0.0,20.0,Production Technician II,MA,2302.0,04/20/85,,Single,US Citizen,No,White,9/29/2014,,N/A-StillEmployed,Active,,David Stanley,14.0,LinkedIn,Fully Meets,3.4,4.0,0.0,2/21/2019,,14.0,,"60,446.00",,
306,"Woodson, Jason",10135.0,0.0,0.0,1.0,1.0,5.0,3.0,0.0,"65,893.00",0.0,20.0,Production Technician II,MA,1810.0,05/11/85,F,Single,US Citizen,No,,,,Terminated,Active,Production       ,Kissy Sullivan,20.0,LinkedIn,Fully Meets,4.07,4.0,0.0,2/28/2019,0.0,13.0,,"65,893.00",,
307,"Ybarra, Catherine ",10301.0,0.0,0.0,0.0,5.0,5.0,1.0,,"48,513.00",1.0,19.0,Production Technician I,MA,2458.0,05/04/82,F,Single,US Citizen,No,Asian,9/2/2008,9/29/2015,Another position,Voluntarily Terminated,,Brannon Miller,12.0,Google Search,PIP,3.2,2.0,0.0,9/2/2015,,4.0,,"48,513.00",,
308,,10010.0,0.0,0.0,0.0,1.0,3.0,4.0,,"220,450.00",0.0,6.0,CIO,MA,2067.0,08/30/79,F,Single,US Citizen,No,,4/10/2010,,N/A-StillEmployed,Active,,Janet King,2.0,Employee Referral,Exceeds,4.6,5.0,6.0,2/21/2019,0.0,16.0,,"220,450.00",,
309,,10043.0,0.0,0.0,0.0,1.0,3.0,3.0,,"89,292.00",0.0,9.0,Data Analyst,MA,2148.0,02/24/79,F,Single,US Citizen,No,,,,N/A-StillEmployed,Active,IT/IS,Simon Roup,4.0,Employee Referral,Fully Meets,5.0,3.0,,2/1/2019,,11.0,,"89,292.00",,
310,"Zima, Colleen",10271.0,0.0,4.0,0.0,1.0,5.0,3.0,,"45,046.00",0.0,19.0,Production Technician I,MA,1730.0,08/17/78,,Widowed,US Citizen,No,Asian,,,Terminated,Active,,David Stanley,14.0,LinkedIn,Fully Meets,4.5,5.0,0.0,1/30/2019,,2.0,,"45,046.00",,
311,,,,,,,,,,,,,,,,,,,,,,,,,,,,,,,,,,,,,2022-01-03,,,
312,,,,,,,,,,,,,,,,,,,,,,,,,,,,,,,,,,,,,2022-04-01,,,
313,,,,,,,,,,,,,,,,,,,,,,,,,,,,,,,,,,,,,2022-01-03,,,
314,,,,,,,,,,,,,,,,,,,,,,,,,,,,,,,,,,,,,2022-04-01,,,
315,,,,,,,,,,,,,,,,,,,,,,,,,,,,,,,,,,,,,2022-05-01,,,
316,,,,,,,,,,,,,,,,,,,,,,,,,,,,,,,,,,,,,2022-04-01,,,
317,,,,,,,,,,,,,,,,,,,,,,,,,,,,,,,,,,,,,2022-04-01,,,
318,,,,,,,,,,,,,,,,,,,,,,,,,,,,,,,,,,,,,2022-05-01,,,
319,,,,,,,,,,,,,,,,,,,,,,,,,,,,,,,,,,,,,2022-01-01,,,
320,,,,,,,,,,,,,,,,,,,,,,,,,,,,,,,,,,,,,2022-04-01,,,
321,,,,,,,,,,,,,,,,,,,,,,,,,,,,,,,,,,,,,2022-01-03,,,
322,,,,,,,,,,,,,,,,,,,,,,,,,,,,,,,,,,,,,2022-04-01,,,
323,,,,,,,,,,,,,,,,,,,,,,,,,,,,,,,,,,,,,2022-01-02,,,
324,,,,,,,,,,,,,,,,,,,,,,,,,,,,,,,,,,,,,2022-01-02,,,
325,,,,,,,,,,,,,,,,,,,,,,,,,,,,,,,,,,,,,2022-01-01,,,
326,,,,,,,,,,,,,,,,,,,,,,,,,,,,,,,,,,,,,2022-04-01,,,
327,,,,,,,,,,,,,,,,,,,,,,,,,,,,,,,,,,,,,2022-04-01,,,
328,,,,,,,,,,,,,,,,,,,,,,,,,,,,,,,,,,,,,2022-05-01,,,
329,,,,,,,,,,,,,,,,,,,,,,,,,,,,,,,,,,,,,2022-01-02,,,
330,,,,,,,,,,,,,,,,,,,,,,,,,,,,,,,,,,,,,2022-01-01,,,
331,,,,,,,,,,,,,,,,,,,,,,,,,,,,,,,,,,,,,2022-01-01,,,
332,,,,,,,,,,,,,,,,,,,,,,,,,,,,,,,,,,,,,2022-04-01,,,
333,,,,,,,,,,,,,,,,,,,,,,,,,,,,,,,,,,,,,2022-01-01,,,
334,,,,,,,,,,,,,,,,,,,,,,,,,,,,,,,,,,,,,2022-01-01,,,
335,,,,,,,,,,,,,,,,,,,,,,,,,,,,,,,,,,,,,2022-01-02,,,
336,,,,,,,,,,,,,,,,,,,,,,,,,,,,,,,,,,,,,2022-04-01,,,
337,,,,,,,,,,,,,,,,,,,,,,,,,,,,,,,,,,,,,2022-01-03,,,
338,,,,,,,,,,,,,,,,,,,,,,,,,,,,,,,,,,,,,2022-04-01,,,Invalid Date
339,,,,,,,,,,,,,,,,,,,,,,,,,,,,,,,,,,,,,2022-01-02,,,
340,,,,,,,,,,,,,,,,,,,,,,,,,,,,,,,,,,,,,2022-01-02,,,
341,,,,,,,,,,,,,,,,,,,,,,,,,,,,,,,,,,,,,2022-01-02,,,
342,,,,,,,,,,,,,,,,,,,,,,,,,,,,,,,,,,,,,2022-04-01,,,
343,,,,,,,,,,,,,,,,,,,,,,,,,,,,,,,,,,,,,2022-01-03,,,
344,,,,,,,,,,,,,,,,,,,,,,,,,,,,,,,,,,,,,2022-05-01,,,
345,,,,,,,,,,,,,,,,,,,,,,,,,,,,,,,,,,,,,2022-01-03,,,
346,,,,,,,,,,,,,,,,,,,,,,,,,,,,,,,,,,,,,2022-05-01,,,
347,,,,,,,,,,,,,,,,,,,,,,,,,,,,,,,,,,,,,2022-04-01,,,
348,,,,,,,,,,,,,,,,,,,,,,,,,,,,,,,,,,,,,2022-04-01,,,
349,,,,,,,,,,,,,,,,,,,,,,,,,,,,,,,,,,,,,2022-01-03,,,
350,,,,,,,,,,,,,,,,,,,,,,,,,,,,,,,,,,,,,2022-05-01,,,
351,,,,,,,,,,,,,,,,,,,,,,,,,,,,,,,,,,,,,2022-05-01,,,
352,,,,,,,,,,,,,,,,,,,,,,,,,,,,,,,,,,,,,2022-01-01,,,
353,,,,,,,,,,,,,,,,,,,,,,,,,,,,,,,,,,,,,2022-01-01,,,
354,,,,,,,,,,,,,,,,,,,,,,,,,,,,,,,,,,,,,2022-01-03,,,
355,,,,,,,,,,,,,,,,,,,,,,,,,,,,,,,,,,,,,2022-05-01,,,
356,,,,,,,,,,,,,,,,,,,,,,,,,,,,,,,,,,,,,2022-04-01,,,
357,,,,,,,,,,,,,,,,,,,,,,,,,,,,,,,,,,,,,2022-01-01,,,
358,,,,,,,,,,,,,,,,,,,,,,,,,,,,,,,,,,,,,2022-01-03,,,
359,,,,,,,,,,,,,,,,,,,,,,,,,,,,,,,,,,,,,2022-01-03,,,
360,,,,,,,,,,,,,,,,,,,,,,,,,,,,,,,,,,,,,2022-01-03,,,
361,,,,,,,,,,,,,,,,,,,,,,,,,,,,,,,,,,,,,2022-01-02,,,
362,,,,,,,,,,,,,,,,,,,,,,,,,,,,,,,,,,,,,2022-01-01,,,
363,,,,,,,,,,,,,,,,,,,,,,,,,,,,,,,,,,,,,2022-01-02,,,
364,,,,,,,,,,,,,,,,,,,,,,,,,,,,,,,,,,,,,2022-01-01,,,
365,,,,,,,,,,,,,,,,,,,,,,,,,,,,,,,,,,,,,2022-04-01,,,
366,,,,,,,,,,,,,,,,,,,,,,,,,,,,,,,,,,,,,2022-04-01,,,
367,,,,,,,,,,,,,,,,,,,,,,,,,,,,,,,,,,,,,2022-01-02,,,
368,,,,,,,,,,,,,,,,,,,,,,,,,,,,,,,,,,,,,2022-05-01,,,
369,,,,,,,,,,,,,,,,,,,,,,,,,,,,,,,,,,,,,2022-01-02,,,
370,,,,,,,,,,,,,,,,,,,,,,,,,,,,,,,,,,,,,2022-01-02,,,
371,,,,,,,,,,,,,,,,,,,,,,,,,,,,,,,,,,,,,2022-05-01,,,
372,,,,,,,,,,,,,,,,,,,,,,,,,,,,,,,,,,,,,2022-05-01,,,
373,,,,,,,,,,,,,,,,,,,,,,,,,,,,,,,,,,,,,2022-01-02,,,
374,,,,,,,,,,,,,,,,,,,,,,,,,,,,,,,,,,,,,2022-05-01,,,
375,,,,,,,,,,,,,,,,,,,,,,,,,,,,,,,,,,,,,2022-04-01,,,
376,,,,,,,,,,,,,,,,,,,,,,,,,,,,,,,,,,,,,2022-01-01,,,
377,,,,,,,,,,,,,,,,,,,,,,,,,,,,,,,,,,,,,2022-01-03,,,
378,,,,,,,,,,,,,,,,,,,,,,,,,,,,,,,,,,,,,2022-04-01,,,
379,,,,,,,,,,,,,,,,,,,,,,,,,,,,,,,,,,,,,2022-05-01,,,
380,,,,,,,,,,,,,,,,,,,,,,,,,,,,,,,,,,,,,2022-01-03,,,
381,,,,,,,,,,,,,,,,,,,,,,,,,,,,,,,,,,,,,2022-04-01,,,
382,,,,,,,,,,,,,,,,,,,,,,,,,,,,,,,,,,,,,2022-01-03,,,
383,,,,,,,,,,,,,,,,,,,,,,,,,,,,,,,,,,,,,2022-05-01,,,
384,,,,,,,,,,,,,,,,,,,,,,,,,,,,,,,,,,,,,2022-01-01,,,
385,,,,,,,,,,,,,,,,,,,,,,,,,,,,,,,,,,,,,2022-01-03,,,
386,,,,,,,,,,,,,,,,,,,,,,,,,,,,,,,,,,,,,2022-01-03,,,
387,,,,,,,,,,,,,,,,,,,,,,,,,,,,,,,,,,,,,2022-01-02,,,
388,,,,,,,,,,,,,,,,,,,,,,,,,,,,,,,,,,,,,2022-01-02,,,
389,,,,,,,,,,,,,,,,,,,,,,,,,,,,,,,,,,,,,2022-01-03,,,
390,,,,,,,,,,,,,,,,,,,,,,,,,,,,,,,,,,,,,2022-01-03,,,
391,,,,,,,,,,,,,,,,,,,,,,,,,,,,,,,,,,,,,2022-01-03,,,
392,,,,,,,,,,,,,,,,,,,,,,,,,,,,,,,,,,,,,2022-01-02,,,Invalid Date
393,,,,,,,,,,,,,,,,,,,,,,,,,,,,,,,,,,,,,2022-04-01,,,
394,,,,,,,,,,,,,,,,,,,,,,,,,,,,,,,,,,,,,2022-01-01,,,Invalid Date
395,,,,,,,,,,,,,,,,,,,,,,,,,,,,,,,,,,,,,2022-01-03,,,
396,,,,,,,,,,,,,,,,,,,,,,,,,,,,,,,,,,,,,2022-01-03,,,
397,,,,,,,,,,,,,,,,,,,,,,,,,,,,,,,,,,,,,2022-05-01,,,
398,,,,,,,,,,,,,,,,,,,,,,,,,,,,,,,,,,,,,2022-01-02,,,
399,,,,,,,,,,,,,,,,,,,,,,,,,,,,,,,,,,,,,2022-01-01,,,
400,,,,,,,,,,,,,,,,,,,,,,,,,,,,,,,,,,,,,2022-01-02,,,
401,,,,,,,,,,,,,,,,,,,,,,,,,,,,,,,,,,,,,2022-04-01,,,
402,,,,,,,,,,,,,,,,,,,,,,,,,,,,,,,,,,,,,2022-01-02,,,
403,,,,,,,,,,,,,,,,,,,,,,,,,,,,,,,,,,,,,2022-05-01,,,
404,,,,,,,,,,,,,,,,,,,,,,,,,,,,,,,,,,,,,2022-05-01,,,
405,,,,,,,,,,,,,,,,,,,,,,,,,,,,,,,,,,,,,2022-01-03,,,
406,,,,,,,,,,,,,,,,,,,,,,,,,,,,,,,,,,,,,2022-05-01,,,"Twenty-Fourth November, 1987"
407,,,,,,,,,,,,,,,,,,,,,,,,,,,,,,,,,,,,,2022-01-03,,,
408,,,,,,,,,,,,,,,,,,,,,,,,,,,,,,,,,,,,,2022-01-01,,,
409,,,,,,,,,,,,,,,,,,,,,,,,,,,,,,,,,,,,,2022-05-01,,,Invalid Date
