,employee_name,empid,genderid,empstatusid,department,salary,termd,position,state,zip,date_of_birth,maritaldesc,citizendesc,hispaniclatino,racedesc,dateofhire,dateoftermination,termreason,employmentstatus,managername,managerid,recruitmentsource,performancescore,engagementsurvey,empsatisfaction,specialprojectscount,lastperformancereview_date,dayslatelast30,absences
0,"Adinolfi, Wilson  K",10026,1.0,1,Production,62506.0,0.0,Production Technician I,MA,1960,1983-07-10,Single,US Citizen,No,White,2011-07-05,,Terminated,Active,Michael Albert,22.0,LinkedIn,Exceeds,4.6,5.0,0,2019-01-17,0,1
1,Unknown,10084,1.0,5,IT/IS,104437.0,1.0,Sr. DBA,MA,2148,1975-05-05,Married,US Citizen,No,White,1900-01-01,2016-06-16,N/A-StillEmployed,Voluntarily Terminated,Simon Roup,4.0,Indeed,Fully Meets,4.96,3.0,6,1900-01-01,999,17
2,"Akinkuolie, Sarah",10196,0.0,5,Production,64955.0,1.0,Production Technician II,MA,1810,1988-09-19,Married,US Citizen,No,Unknown,1900-01-01,2012-09-24,hours,Voluntarily Terminated,Kissy Sullivan,20.0,LinkedIn,Fully Meets,3.02,3.0,0,2012-05-15,999,3
3,"Alagbe,Trina",10088,0.0,1,Production,64991.0,0.0,Production Technician I,MA,1886,1988-09-27,Married,US Citizen,No,Unknown,2008-01-07,,Terminated,Active,Elijiah Gray,16.0,Indeed,Fully Meets,4.84,5.0,0,2019-01-03,999,15
4,"Anderson, Carol ",10069,0.0,5,Production,50825.0,1.0,Production Technician I,MA,2169,1989-09-08,Divorced,US Citizen,No,White,2011-07-11,2016-09-06,return to school,Voluntarily Terminated,Webster Butler,39.0,Google Search,Fully Meets,5.0,4.0,0,2016-02-01,0,2
5,"Anderson, Linda  ",10002,0.0,1,Production,57568.0,0.0,Production Technician I,MA,1844,1977-05-22,Single,US Citizen,No,White,2012-01-09,,N/A-StillEmployed,Active,Amy Dunn,11.0,Indeed,Exceeds,5.0,5.0,0,2019-01-07,999,15
6,"Andreola, Colby",10194,0.0,1,Software Engineering,95660.0,0.0,Software Engineer,MA,2110,1979-05-24,Single,US Citizen,No,White,2014-11-10,,Terminated,Active,Alex Sweetwater,10.0,LinkedIn,Fully Meets,3.04,3.0,4,2019-01-02,999,19
7,Unknown,10062,1.0,1,Production,59365.0,0.0,Production Technician I,MA,2199,1983-02-18,Widowed,US Citizen,No,White,2013-09-30,,N/A-StillEmployed,Active,Ketsia Liebig,19.0,Indeed,Fully Meets,5.0,4.0,0,2019-02-25,0,19
8,"Bachiochi, Linda",10114,0.0,3,Production,47837.0,0.0,Production Technician I,MA,1902,2070-02-11,Single,US Citizen,No,Black or African American,2009-07-06,,N/A-StillEmployed,Active,Brannon Miller,12.0,Diversity Job Fair,Fully Meets,4.46,3.0,0,2019-01-25,0,4
9,Unknown,10250,1.0,1,IT/IS,50178.0,0.0,IT Support,MA,1886,1988-01-07,Divorced,US Citizen,No,White,2015-01-05,,Terminated,Active,Peter Monroe,7.0,Indeed,Fully Meets,5.0,5.0,0,2019-02-18,0,16
10,Unknown,10252,0.0,5,Production,54670.0,1.0,Production Technician I,MA,1902,1974-01-12,Married,US Citizen,Yes,Black or African American,2011-01-10,2017-01-12,Another position,Voluntarily Terminated,David Stanley,14.0,Diversity Job Fair,Fully Meets,4.2,4.0,0,2016-01-30,999,12
11,Unknown,10242,1.0,5,Production,47211.0,1.0,Production Technician I,MA,2062,1974-02-21,Married,US Citizen,Yes,Black or African American,2012-04-02,2016-09-19,unhappy,Voluntarily Terminated,Kissy Sullivan,20.0,Diversity Job Fair,Fully Meets,4.2,3.0,0,2016-05-06,999,15
12,"Barbossa, Hector",10012,1.0,1,IT/IS,92328.0,0.0,Data Analyst,TX,78230,1988-07-04,Divorced,US Citizen,No,Unknown,2014-11-10,,Terminated,Active,Simon Roup,4.0,Diversity Job Fair,Exceeds,4.28,4.0,0,1900-01-01,999,9
13,"Barone, Francesco  A",10265,1.0,1,Production,58709.0,0.0,Production Technician I,MA,1810,1983-07-20,Single,US Citizen,No,Two or more races,2012-02-20,,Terminated,Active,Kelley Spirea,18.0,Google Search,Fully Meets,4.6,4.0,0,1900-01-01,0,7
14,"Barton, Nader",10066,1.0,5,Production,52505.0,1.0,Production Technician I,MA,2747,1977-07-15,Divorced,US Citizen,No,White,2012-09-24,2017-04-06,Another position,Voluntarily Terminated,Michael Albert,22.0,On-line Web application,Fully Meets,5.0,5.0,0,2017-03-02,999,1
15,"Bates, Norman",10061,1.0,4,Production,57834.0,1.0,Production Technician I,MA,2050,1981-10-18,Single,US Citizen,No,White,1900-01-01,2017-08-04,attendance,Terminated for Cause,Kelley Spirea,18.0,Indeed,Fully Meets,5.0,4.0,0,2017-04-05,0,20
16,"Beak, Kimberly  ",10023,0.0,2,Production,70131.0,0.0,Production Technician II,MA,2145,2066-04-17,Married,US Citizen,No,White,2016-07-21,,N/A-StillEmployed,Active,Kelley Spirea,18.0,Employee Referral,Exceeds,4.4,3.0,0,1900-01-01,0,16
17,"Beatrice, Courtney ",10055,0.0,1,Production,59026.0,0.0,Production Technician I,MA,1915,2070-10-27,Single,Eligible NonCitizen,No,White,2011-04-04,,N/A-StillEmployed,Active,Elijiah Gray,16.0,Google Search,Fully Meets,5.0,5.0,0,2019-01-14,0,12
18,"Becker, Renee",10245,0.0,4,IT/IS,110000.0,1.0,Database Administrator,MA,2026,1986-04-04,Single,US Citizen,Yes,Hispanic,1900-01-01,2015-09-12,performance,Terminated for Cause,Simon Roup,4.0,Google Search,Fully Meets,4.5,4.0,5,2015-01-15,0,8
19,Unknown,10277,1.0,3,Production,53250.0,0.0,Production Technician I,MA,2452,1979-04-06,Single,US Citizen,No,Unknown,2013-07-08,,N/A-StillEmployed,Active,Webster Butler,39.0,LinkedIn,Fully Meets,4.2,4.0,0,2019-01-11,0,13
20,Unknown,10046,1.0,1,Production,51044.0,0.0,Production Technician I,MA,2072,2070-12-22,Single,US Citizen,Yes,White,1900-01-01,,N/A-StillEmployed,Active,Amy Dunn,11.0,Indeed,Fully Meets,5.0,3.0,0,2019-01-14,0,13
21,"Biden, Lowan  M",10226,0.0,1,Production,64919.0,0.0,Production Technician I,MA,2027,2058-12-27,Divorced,US Citizen,No,Unknown,1900-01-01,,Terminated,Active,Ketsia Liebig,19.0,Indeed,Fully Meets,4.2,3.0,0,1900-01-01,999,2
22,Unknown,10003,0.0,1,Production,62910.0,0.0,Production Technician I,MA,2031,1989-09-01,Married,US Citizen,No,White,2014-07-07,,Terminated,Active,Brannon Miller,12.0,Indeed,Exceeds,5.0,3.0,0,2019-02-27,0,19
23,"Blount, Dianna",10294,0.0,1,Production,66441.0,0.0,Production Technician II,MA,2171,1990-09-21,Single,US Citizen,No,White,2011-04-04,,N/A-StillEmployed,Active,Michael Albert,22.0,CareerBuilder,Needs Improvement,2.0,3.0,0,1900-01-01,2,3
24,Unknown,10267,0.0,5,Production,57815.0,1.0,Production Technician II,MA,2210,2067-01-16,Single,US Citizen,No,White,2011-01-10,2014-04-04,career change,Voluntarily Terminated,Elijiah Gray,16.0,Google Search,Fully Meets,4.8,5.0,0,2014-03-04,0,5
25,"Booth, Frank",10199,1.0,4,IT/IS,103613.0,1.0,Enterprise Architect,CT,6033,2064-07-30,Single,US Citizen,No,Black or African American,1900-01-01,2016-02-19,Learned that he is a gangster,Terminated for Cause,Simon Roup,4.0,LinkedIn,Fully Meets,3.5,5.0,0,2016-01-10,999,2
26,Unknown,10081,0.0,1,Admin Offices,106367.0,0.0,Sr. Accountant,MA,2468,1987-04-04,Married,US Citizen,No,Black or African American,2015-02-16,,N/A-StillEmployed,Active,Brandon R. LeBlanc,3.0,Diversity Job Fair,Fully Meets,5.0,4.0,0,2019-02-18,0,4
27,Unknown,10175,1.0,5,Production,74312.0,1.0,Production Manager,MA,1901,2070-03-10,Single,US Citizen,No,Asian,2013-09-30,,retiring,Voluntarily Terminated,Janet King,2.0,Indeed,Fully Meets,3.39,3.0,0,2014-02-20,999,14
28,Unknown,10177,0.0,5,Production,53492.0,1.0,Production Technician I,MA,1701,1990-08-24,Married,US Citizen,No,Unknown,1900-01-01,2013-06-15,N/A-StillEmployed,Voluntarily Terminated,David Stanley,14.0,Google Search,Fully Meets,3.35,4.0,0,2013-03-04,999,6
29,Unknown,10238,0.0,1,Admin Offices,63000.0,0.0,Accountant I,MA,1450,1987-11-24,Married,US Citizen,No,Black or African American,2008-10-27,,Terminated,Active,Brandon R. LeBlanc,1.0,Diversity Job Fair,Fully Meets,4.5,2.0,0,1900-01-01,0,14
30,"Buccheri, Joseph  ",10184,1.0,1,Production,65288.0,0.0,Production Technician II,MA,1013,1983-07-28,Single,US Citizen,No,White,2014-09-29,,N/A-StillEmployed,Active,Webster Butler,39.0,Indeed,Fully Meets,3.19,3.0,0,1900-01-01,0,9
31,"Bugali, Josephine ",10203,0.0,3,Production,64375.0,0.0,Production Technician I,MA,2043,2069-10-30,Separated,US Citizen,No,Black or African American,2013-11-11,,Terminated,Active,Kissy Sullivan,20.0,Diversity Job Fair,Fully Meets,3.5,5.0,0,2019-01-21,0,17
32,Unknown,10188,0.0,5,Sales,74326.0,1.0,Area Sales Manager,VA,21851,2064-06-01,Married,Eligible NonCitizen,No,Black or African American,2011-08-15,2014-08-02,N/A-StillEmployed,Voluntarily Terminated,John Smith,17.0,Google Search,Fully Meets,3.14,5.0,0,2013-02-10,999,19
33,"Burke, Joelle",10107,0.0,1,Production,63763.0,0.0,Production Technician II,MA,2148,1980-03-02,Single,US Citizen,No,Black or African American,2012-03-05,,Terminated,Active,Amy Dunn,11.0,Employee Referral,Fully Meets,4.51,4.0,0,2019-02-21,999,3
34,Unknown,10181,1.0,1,Production,62162.0,0.0,Production Technician II,MA,1890,1977-08-19,Married,US Citizen,No,White,2011-04-04,,Terminated,Active,Ketsia Liebig,19.0,Indeed,Fully Meets,3.25,5.0,0,1900-01-01,0,15
35,Unknown,10150,1.0,1,Software Engineering,77692.0,0.0,Software Engineering Manager,MA,2184,2066-11-22,Single,US Citizen,No,White,1900-01-01,,N/A-StillEmployed,Active,Jennifer Zamora,5.0,Indeed,Fully Meets,3.84,3.0,5,2019-01-21,0,4
36,"Candie, Calvin",10001,1.0,1,Production,72640.0,0.0,Production Manager,MA,2169,1983-08-09,Single,US Citizen,No,White,1900-01-01,,Terminated,Active,Janet King,2.0,Indeed,Exceeds,5.0,3.0,0,2019-02-22,999,14
37,"Carabbio, Judith",10085,0.0,1,Software Engineering,93396.0,0.0,Software Engineer,MA,2132,1987-04-05,Single,US Citizen,No,White,1900-01-01,,Terminated,Active,Alex Sweetwater,10.0,Indeed,Fully Meets,4.96,4.0,6,2019-01-30,999,3
38,"Carey, Michael  ",10115,1.0,1,Production,52846.0,0.0,Production Technician I,MA,1701,1983-02-02,Single,US Citizen,No,Black or African American,2014-03-31,,N/A-StillEmployed,Active,Kelley Spirea,18.0,LinkedIn,Fully Meets,4.43,3.0,0,1900-01-01,0,14
39,Unknown,10082,0.0,2,IT/IS,100031.0,0.0,Sr. DBA,MA,1886,1986-06-06,Single,US Citizen,No,Black or African American,1900-01-01,,N/A-StillEmployed,Active,Simon Roup,4.0,Indeed,Fully Meets,5.0,5.0,0,2019-02-18,0,7
40,"Carter, Michelle ",10040,0.0,1,Sales,71860.0,0.0,Area Sales Manager,VT,5664,2063-05-15,Single,US Citizen,No,Unknown,2014-08-18,,N/A-StillEmployed,Active,John Smith,17.0,Indeed,Fully Meets,5.0,5.0,0,2019-01-21,999,7
41,"Chace, Beatrice ",10067,0.0,1,Production,61656.0,0.0,Production Technician I,MA,2763,2051-01-02,Single,US Citizen,No,White,2014-09-29,,N/A-StillEmployed,Active,Michael Albert,22.0,Google Search,Fully Meets,5.0,4.0,0,2019-02-12,999,11
42,"Champaigne, Brian",10108,1.0,1,IT/IS,110929.0,0.0,BI Director,MA,2045,2072-02-09,Married,US Citizen,No,White,1900-01-01,,N/A-StillEmployed,Active,Jennifer Zamora,5.0,Indeed,Fully Meets,4.5,5.0,0,2019-01-15,0,8
43,"Chan, Lin",10210,0.0,1,Production,54237.0,0.0,Production Technician I,MA,2170,1979-02-12,Single,US Citizen,No,Unknown,2014-05-12,,Terminated,Active,Elijiah Gray,16.0,Indeed,Fully Meets,3.3,4.0,0,2019-02-19,0,11
44,Unknown,10154,1.0,1,Production,60380.0,0.0,Production Technician I,MA,1845,1983-08-24,Single,US Citizen,No,White,1900-01-01,,N/A-StillEmployed,Active,Webster Butler,39.0,LinkedIn,Fully Meets,3.8,5.0,0,2019-01-14,0,4
45,"Chigurh, Anton",10200,1.0,1,Sales,66808.0,0.0,Area Sales Manager,TX,78207,2070-06-11,Single,Eligible NonCitizen,No,Black or African American,1900-01-01,,N/A-StillEmployed,Active,Lynn Daneault,21.0,Employee Referral,Fully Meets,3.0,5.0,0,2019-01-19,999,17
46,"Chivukula, Enola",10240,0.0,5,Production,64786.0,1.0,Production Technician I,MA,1775,1983-08-27,Single,US Citizen,No,White,1900-01-01,2015-11-15,relocation out of area,Voluntarily Terminated,Amy Dunn,11.0,Indeed,Fully Meets,4.3,4.0,0,2015-03-10,999,3
47,"Cierpiszewski, Caroline  ",10168,0.0,1,Production,64816.0,0.0,Production Technician I,MA,2044,1988-05-31,Single,Non-Citizen,No,Black or African American,2011-10-03,,N/A-StillEmployed,Active,Ketsia Liebig,19.0,Indeed,Fully Meets,3.58,5.0,0,1900-01-01,0,3
48,"Clayton, Rick",10220,1.0,1,IT/IS,68678.0,0.0,IT Support,MA,2170,1985-09-05,Single,US Citizen,No,Unknown,2012-09-05,,Terminated,Active,Eric Dougall,6.0,Indeed,Fully Meets,4.7,3.0,0,1900-01-01,999,2
49,"Cloninger, Jennifer",10275,0.0,5,Production,64066.0,1.0,Production Technician II,MA,1752,1981-08-31,Married,US Citizen,No,Unknown,1900-01-01,2013-01-07,unhappy,Voluntarily Terminated,Brannon Miller,12.0,Google Search,Fully Meets,4.2,5.0,0,1900-01-01,0,9
50,Unknown,10269,1.0,5,Production,59369.0,1.0,Production Technician II,MA,2169,1978-11-25,Married,US Citizen,No,White,2010-08-30,2011-09-26,career change,Voluntarily Terminated,David Stanley,14.0,Indeed,Fully Meets,4.2,4.0,0,1900-01-01,0,6
51,Unknown,10029,1.0,2,Production,50373.0,0.0,Production Technician I,MA,2134,1980-08-26,Married,US Citizen,No,Unknown,2016-07-06,,N/A-StillEmployed,Active,Brannon Miller,12.0,Employee Referral,Exceeds,4.1,4.0,0,1900-01-01,0,5
52,Unknown,10261,1.0,1,Production,63108.0,0.0,Production Technician I,MA,2452,1977-09-08,Single,US Citizen,No,White,2013-07-08,,N/A-StillEmployed,Active,David Stanley,14.0,Indeed,Fully Meets,4.4,5.0,0,2019-01-14,999,3
53,Unknown,10292,1.0,4,Production,59144.0,1.0,Production Technician I,MA,1880,1979-08-12,Single,US Citizen,No,Black or African American,2011-07-11,2016-09-23,performance,Terminated for Cause,Kissy Sullivan,20.0,Indeed,Needs Improvement,2.0,3.0,0,1900-01-01,999,16
54,Unknown,10282,1.0,1,Production,68051.0,0.0,Production Manager,MA,1803,1975-12-17,Divorced,US Citizen,No,White,2010-07-20,,N/A-StillEmployed,Active,Janet King,2.0,CareerBuilder,Needs Improvement,4.13,2.0,0,2019-01-14,3,3
55,Unknown,10019,1.0,1,Production,170500.0,0.0,Director of Operations,MA,2030,1983-03-19,Single,US Citizen,No,Black or African American,2009-01-05,,N/A-StillEmployed,Active,Janet King,2.0,Indeed,Exceeds,3.7,5.0,0,2019-02-04,0,15
56,Unknown,10094,0.0,1,Production,63381.0,0.0,Production Technician I,MA,2189,1977-03-31,Married,US Citizen,Yes,White,1900-01-01,,Terminated,Active,Kelley Spirea,18.0,Indeed,Fully Meets,4.73,5.0,0,2019-02-14,0,6
57,"Costello, Frank",10193,1.0,1,IT/IS,83552.0,0.0,Data Analyst,MA,1810,1986-08-26,Married,US Citizen,No,White,2015-03-30,,Terminated,Active,Simon Roup,4.0,Indeed,Fully Meets,3.04,3.0,6,2019-01-22,0,2
58,"Crimmings,   Jean",10132,0.0,2,Production,56149.0,0.0,Production Technician I,MA,1821,1987-04-10,Single,US Citizen,No,White,2016-07-06,,N/A-StillEmployed,Active,Michael Albert,22.0,LinkedIn,Fully Meets,4.12,5.0,0,2019-01-28,0,15
59,Unknown,10083,1.0,1,IT/IS,92329.0,0.0,Sr. Network Engineer,CT,6278,2065-09-09,Single,US Citizen,No,White,2014-11-10,,N/A-StillEmployed,Active,Peter Monroe,7.0,Employee Referral,Fully Meets,5.0,3.0,0,2019-01-02,0,5
60,"Daneault, Lynn",10099,0.0,1,Sales,65729.0,0.0,Sales Manager,VT,5473,1990-04-19,Single,US Citizen,No,White,2014-05-05,,Terminated,Active,Debra Houlihan,15.0,Indeed,Fully Meets,4.62,4.0,0,2019-01-24,0,8
61,"Daniele, Ann  ",10212,0.0,3,IT/IS,85028.0,0.0,Sr. Network Engineer,CT,6033,2052-01-18,Married,US Citizen,No,Unknown,2014-11-10,,Terminated,Active,Peter Monroe,7.0,LinkedIn,Fully Meets,3.1,5.0,8,2019-02-12,999,19
62,"Darson, Jene'Ya ",10056,0.0,1,Production,57583.0,0.0,Production Technician I,MA,2110,1978-11-05,Married,US Citizen,No,White,2012-07-02,,Terminated,Active,Elijiah Gray,16.0,Indeed,Fully Meets,5.0,3.0,0,2019-02-25,0,1
63,Unknown,10143,1.0,1,Production,56294.0,0.0,Production Technician II,MA,2458,1979-09-14,Single,US Citizen,No,Two or more races,2011-11-07,,Terminated,Active,Kissy Sullivan,20.0,LinkedIn,Fully Meets,3.96,4.0,0,2019-02-27,0,6
64,Unknown,10311,1.0,1,Sales,56991.0,0.0,Production Technician I,MA,2138,1988-04-15,Married,US Citizen,No,White,2018-07-09,,Terminated,Active,Brannon Miller,12.0,Indeed,Fully Meets,4.3,4.0,3,2019-01-31,2,2
65,"Degweck,  James",10070,1.0,5,Production,55722.0,1.0,Production Technician I,MA,1810,1977-10-31,Married,US Citizen,No,Unknown,2011-05-16,2016-06-08,unhappy,Voluntarily Terminated,Webster Butler,39.0,Indeed,Fully Meets,5.0,4.0,0,2016-04-02,999,14
66,Unknown,10155,0.0,1,Software Engineering,101199.0,0.0,Software Engineer,MA,2176,1979-07-05,Single,US Citizen,No,Black or African American,2012-01-09,,Terminated,Active,Alex Sweetwater,10.0,CareerBuilder,Fully Meets,3.79,5.0,0,1900-01-01,999,8
67,Unknown,10306,1.0,1,Sales,61568.0,0.0,Area Sales Manager,AL,36006,1975-11-02,Single,US Citizen,No,Two or more races,2014-09-29,,N/A-StillEmployed,Active,John Smith,17.0,Indeed,PIP,1.93,3.0,0,1900-01-01,999,5
68,"Demita, Carla",10100,0.0,5,Production,58275.0,1.0,Production Technician II,MA,2343,2051-02-25,Separated,US Citizen,No,Black or African American,2011-04-04,2015-11-04,more money,Voluntarily Terminated,Kelley Spirea,18.0,Indeed,Fully Meets,4.62,5.0,0,1900-01-01,0,1
69,Unknown,10310,1.0,1,Production,53189.0,0.0,Production Technician I,MA,2061,2067-04-19,Married,US Citizen,No,White,2014-07-07,,N/A-StillEmployed,Active,Amy Dunn,11.0,Indeed,PIP,1.12,2.0,0,1900-01-01,4,9
70,Unknown,10197,1.0,1,IT/IS,96820.0,0.0,BI Developer,MA,2045,1983-09-04,Single,US Citizen,No,White,1900-01-01,,N/A-StillEmployed,Active,Brian Champaigne,13.0,Indeed,Fully Meets,3.01,5.0,0,2019-01-23,999,15
71,"Dickinson, Geoff ",10276,1.0,1,Production,51259.0,0.0,Production Technician I,MA,2180,1982-11-15,Single,US Citizen,No,Unknown,2014-05-12,,Terminated,Active,Ketsia Liebig,19.0,Indeed,Fully Meets,4.3,4.0,0,1900-01-01,999,1
72,"Dietrich, Jenna  ",10304,0.0,1,Sales,59231.0,0.0,Area Sales Manager,WA,98052,1987-05-14,Single,US Citizen,Yes,White,2012-02-20,,N/A-StillEmployed,Active,John Smith,17.0,Website,PIP,2.3,1.0,0,1900-01-01,2,17
73,Unknown,10284,0.0,1,Production,61584.0,0.0,Production Technician I,MA,2351,1978-12-02,Married,US Citizen,No,Unknown,2013-01-07,,N/A-StillEmployed,Active,Brannon Miller,12.0,Indeed,Needs Improvement,3.88,4.0,0,2019-01-18,999,6
74,Unknown,10207,0.0,1,Production,46335.0,0.0,Production Technician I,MA,2125,1986-10-07,Single,US Citizen,Yes,Hispanic,2012-04-02,,Terminated,Active,David Stanley,14.0,CareerBuilder,Fully Meets,3.4,5.0,0,1900-01-01,0,15
75,Unknown,10133,0.0,1,IT/IS,70621.0,0.0,IT Support,MA,2119,1988-07-18,Married,US Citizen,No,White,2015-01-05,,N/A-StillEmployed,Active,Peter Monroe,7.0,Employee Referral,Fully Meets,4.11,4.0,0,2019-02-25,999,16
76,Unknown,10028,1.0,1,IT/IS,138888.0,0.0,IT Manager - Support,MA,1886,2070-07-09,Single,US Citizen,No,Black or African American,1900-01-01,,N/A-StillEmployed,Active,Jennifer Zamora,5.0,Indeed,Exceeds,4.3,5.0,0,2019-01-04,0,4
77,"Driver, Elle",10006,0.0,1,Sales,74241.0,0.0,Area Sales Manager,CA,90007,1988-11-08,Single,US Citizen,No,White,2011-01-10,,N/A-StillEmployed,Active,Lynn Daneault,21.0,Indeed,Exceeds,4.77,5.0,0,1900-01-01,999,14
78,Unknown,10105,0.0,1,Production,75188.0,0.0,Production Manager,MA,1731,2073-11-28,Single,US Citizen,No,White,1900-01-01,,N/A-StillEmployed,Active,Janet King,2.0,Google Search,Fully Meets,4.52,4.0,0,1900-01-01,999,4
79,Unknown,10211,0.0,1,Production,62514.0,0.0,Production Technician I,MA,1749,2073-09-23,Married,US Citizen,No,White,1900-01-01,,N/A-StillEmployed,Active,Ketsia Liebig,19.0,Google Search,Fully Meets,2.9,3.0,0,2019-01-21,999,6
80,Unknown,10064,0.0,5,Production,60070.0,1.0,Production Technician I,MA,2343,1991-09-05,Married,US Citizen,No,White,1900-01-01,2017-06-06,military,Voluntarily Terminated,Kissy Sullivan,20.0,Indeed,Fully Meets,5.0,3.0,0,2017-04-09,999,7
81,Unknown,10247,1.0,1,Production,48888.0,0.0,Production Technician I,MA,2026,1974-05-31,Single,US Citizen,No,White,1900-01-01,,Terminated,Active,Kelley Spirea,18.0,Indeed,Fully Meets,4.7,5.0,0,2019-02-13,999,8
82,Unknown,10235,1.0,1,Production,54285.0,0.0,Production Technician I,MA,2045,1978-08-25,Married,US Citizen,No,White,2014-03-31,,N/A-StillEmployed,Active,Kelley Spirea,18.0,Employee Referral,Fully Meets,4.2,3.0,0,1900-01-01,0,3
83,"Erilus, Angela",10299,0.0,1,Production,56847.0,0.0,Production Technician II,MA,2133,1989-08-25,Separated,US Citizen,No,White,2014-07-07,,N/A-StillEmployed,Active,Michael Albert,22.0,Indeed,PIP,3.0,1.0,0,2019-02-25,2,5
84,Unknown,10280,1.0,4,Production,60340.0,1.0,Production Technician I,MA,2129,1983-09-02,Single,US Citizen,No,White,1900-01-01,2018-09-27,N/A-StillEmployed,Terminated for Cause,Michael Albert,22.0,Google Search,Needs Improvement,5.0,4.0,0,2018-04-12,5,16
85,Unknown,10296,0.0,4,Production,59124.0,1.0,Production Technician I,MA,2458,1989-05-06,Single,US Citizen,No,White,1900-01-01,2018-02-25,"no-call, no-show",Terminated for Cause,Elijiah Gray,16.0,Indeed,Needs Improvement,2.3,3.0,0,2017-01-15,5,19
86,"Exantus, Susan",10290,0.0,4,Software Engineering,99280.0,1.0,Software Engineer,MA,1749,1987-05-15,Married,US Citizen,No,Black or African American,2011-05-02,2013-06-05,attendance,Terminated for Cause,Alex Sweetwater,10.0,Indeed,Needs Improvement,2.1,5.0,4,2012-08-10,4,19
87,"Faller, Megan ",10263,0.0,1,Production,71776.0,0.0,Production Technician II,MA,1824,1978-09-22,Married,US Citizen,No,Black or African American,1900-01-01,,N/A-StillEmployed,Active,Elijiah Gray,16.0,Indeed,Fully Meets,4.4,5.0,0,2019-02-22,0,17
88,Unknown,10136,0.0,1,Production,65902.0,0.0,Production Technician II,MA,2324,1987-09-27,Single,US Citizen,No,Black or African American,1900-01-01,,N/A-StillEmployed,Active,Webster Butler,39.0,LinkedIn,Fully Meets,4.0,4.0,0,2019-01-07,0,7
89,Unknown,10189,0.0,5,Production,57748.0,1.0,Production Technician I,MA,2176,2055-04-14,Married,US Citizen,No,White,2011-11-07,2016-05-17,military,Voluntarily Terminated,Webster Butler,39.0,Indeed,Fully Meets,3.13,3.0,0,1900-01-01,0,16
90,Unknown,10308,1.0,1,Production,64057.0,0.0,Production Technician I,MA,2132,1989-10-18,Married,US Citizen,No,White,2015-05-11,,N/A-StillEmployed,Active,Amy Dunn,11.0,Indeed,PIP,1.56,5.0,0,1900-01-01,999,15
91,Unknown,10309,1.0,1,IT/IS,53366.0,0.0,Network Engineer,MA,2138,1987-06-18,Single,US Citizen,No,White,1900-01-01,,Terminated,Active,Peter Monroe,7.0,LinkedIn,PIP,1.2,3.0,0,1900-01-01,3,2
92,"Fidelia,  Libby",10049,0.0,1,Production,58530.0,0.0,Production Technician I,MA,2155,1981-03-16,Married,US Citizen,No,White,2012-01-09,,N/A-StillEmployed,Active,Brannon Miller,12.0,Indeed,Fully Meets,5.0,5.0,0,2019-01-29,0,19
93,Unknown,10093,1.0,5,Production,72609.0,1.0,Production Technician II,MA,2143,1981-10-01,Single,US Citizen,Yes,Hispanic,2011-05-16,2013-06-24,hours,Voluntarily Terminated,Amy Dunn,11.0,Google Search,Fully Meets,4.76,5.0,0,2013-04-05,0,20
94,Unknown,10163,0.0,5,Production,55965.0,1.0,Production Technician II,MA,2170,1983-11-08,Married,US Citizen,No,White,1900-01-01,2013-01-09,career change,Voluntarily Terminated,Ketsia Liebig,19.0,Google Search,Fully Meets,3.66,3.0,0,2012-01-07,999,6
95,"Forrest, Alex",10305,1.0,1,Sales,70187.0,1.0,Area Sales Manager,MA,2330,1975-07-07,Married,US Citizen,No,White,1900-01-01,2018-08-19,Fatal attraction,Terminated for Cause,Lynn Daneault,21.0,Employee Referral,PIP,2.0,5.0,0,2019-01-28,4,7
96,Unknown,10015,1.0,1,IT/IS,178000.0,0.0,IT Director,MA,1460,1980-07-05,Single,US Citizen,No,Unknown,2011-04-15,,N/A-StillEmployed,Active,Jennifer Zamora,5.0,Indeed,Exceeds,5.0,5.0,5,2019-01-07,999,15
97,"Foster-Baker, Amy",10080,0.0,1,Admin Offices,99351.0,0.0,Sr. Accountant,MA,2050,1979-04-16,Married,US Citizen,No,White,2009-01-05,,Terminated,Active,Board of Directors,9.0,Other,Fully Meets,5.0,3.0,2,2019-02-08,999,3
98,"Fraval, Maruk ",10258,1.0,1,Sales,67251.0,0.0,Area Sales Manager,CT,6050,2063-08-28,Single,US Citizen,No,Black or African American,2011-09-06,,Terminated,Active,Lynn Daneault,21.0,Indeed,Fully Meets,4.3,3.0,0,2019-01-27,999,7
99,Unknown,10273,0.0,1,IT/IS,65707.0,0.0,IT Support,CT,6040,2068-07-06,Single,US Citizen,No,White,2010-05-01,,N/A-StillEmployed,Active,Eric Dougall,6.0,LinkedIn,Fully Meets,4.7,4.0,0,1900-01-01,999,1
100,"Garcia, Raul",10111,1.0,1,Production,52249.0,0.0,Production Technician I,MA,1905,1985-09-15,Single,US Citizen,Yes,White,2015-03-30,,N/A-StillEmployed,Active,David Stanley,14.0,Employee Referral,Fully Meets,4.5,3.0,0,2019-02-18,0,5
101,Unknown,10257,0.0,1,Production,53171.0,0.0,Production Technician I,MA,2121,1983-12-02,Single,US Citizen,Yes,Black or African American,2011-05-16,,Terminated,Active,Kelley Spirea,18.0,LinkedIn,Fully Meets,4.2,4.0,0,2019-02-26,0,12
102,"Gentry, Mildred",10159,0.0,1,Production,51337.0,0.0,Production Technician I,MA,2145,1990-10-01,Married,US Citizen,No,Unknown,2015-03-30,,Terminated,Active,Michael Albert,22.0,LinkedIn,Fully Meets,3.73,3.0,0,1900-01-01,999,19
103,Unknown,10122,0.0,5,Production,51505.0,1.0,Production Technician I,MA,2330,2070-05-15,Divorced,US Citizen,No,Unknown,1900-01-01,2016-11-15,hours,Voluntarily Terminated,Elijiah Gray,16.0,Diversity Job Fair,Fully Meets,4.24,4.0,0,2016-04-29,0,2
104,Unknown,10142,0.0,4,Sales,59370.0,1.0,Area Sales Manager,OH,43050,2071-07-10,Widowed,US Citizen,No,Black or African American,2014-07-07,2015-09-05,attendance,Terminated for Cause,John Smith,17.0,CareerBuilder,Fully Meets,3.97,4.0,0,1900-01-01,0,7
105,"Gilles, Alex",10283,1.0,5,Production,54933.0,1.0,Production Technician I,MA,2062,1974-08-09,Married,US Citizen,No,Unknown,2012-04-02,2015-06-25,military,Voluntarily Terminated,Webster Butler,39.0,Diversity Job Fair,Needs Improvement,3.97,4.0,0,2015-01-20,999,15
106,"Girifalco, Evelyn",10018,0.0,1,Production,57815.0,0.0,Production Technician I,MA,2451,1980-05-08,Single,US Citizen,Yes,Two or more races,1900-01-01,,Terminated,Active,Amy Dunn,11.0,Indeed,Exceeds,3.9,4.0,0,2019-02-07,999,3
107,Unknown,10255,0.0,1,Sales,61555.0,0.0,Area Sales Manager,IN,46204,1989-09-22,Single,US Citizen,No,Unknown,2015-02-16,,N/A-StillEmployed,Active,Lynn Daneault,21.0,Indeed,Fully Meets,4.5,5.0,0,2019-01-25,0,20
108,Unknown,10246,0.0,4,IT/IS,114800.0,1.0,Database Administrator,MA,2127,2071-10-23,Single,US Citizen,No,Unknown,1900-01-01,2015-03-15,"no-call, no-show",Terminated for Cause,Simon Roup,4.0,Indeed,Fully Meets,4.6,4.0,4,1900-01-01,0,10
109,Unknown,10228,1.0,1,IT/IS,74679.0,0.0,IT Support,MA,2135,1989-11-24,Married,US Citizen,Yes,White,2015-03-30,,N/A-StillEmployed,Active,Peter Monroe,7.0,LinkedIn,Fully Meets,4.3,5.0,7,2019-01-10,0,20
110,"Gold, Shenice  ",10243,0.0,1,Production,53018.0,0.0,Production Technician I,MA,2451,1992-06-18,Single,US Citizen,Yes,White,2013-11-11,,Terminated,Active,Ketsia Liebig,19.0,Indeed,Fully Meets,4.3,5.0,0,2019-02-18,0,7
111,"Gonzalez, Cayo",10031,1.0,1,Production,59892.0,0.0,Production Technician I,MA,2108,2069-09-29,Divorced,US Citizen,No,Unknown,2011-07-11,,N/A-StillEmployed,Active,Brannon Miller,12.0,Diversity Job Fair,Exceeds,4.5,4.0,0,1900-01-01,0,1
112,Unknown,10300,1.0,5,Production,68898.0,1.0,Production Technician II,MA,2128,2064-10-12,Married,US Citizen,No,Unknown,2010-04-26,2011-05-30,N/A-StillEmployed,Voluntarily Terminated,Brannon Miller,12.0,Diversity Job Fair,PIP,3.0,3.0,0,2011-03-06,999,10
113,Unknown,10101,0.0,1,IT/IS,61242.0,0.0,IT Support,MA,2472,1981-04-16,Separated,US Citizen,Yes,White,2015-01-05,,N/A-StillEmployed,Active,Peter Monroe,7.0,Employee Referral,Fully Meets,4.61,4.0,0,2019-01-28,0,11
114,"Good, Susan",10237,0.0,3,Production,66825.0,0.0,Production Technician II,MA,1886,1986-05-25,Married,US Citizen,No,White,1900-01-01,,N/A-StillEmployed,Active,David Stanley,14.0,LinkedIn,Fully Meets,4.6,3.0,0,2019-02-07,0,20
115,Unknown,10051,1.0,1,Production,48285.0,0.0,Production Technician I,MA,2169,1979-05-21,Married,US Citizen,No,Unknown,2012-07-02,,Terminated,Active,David Stanley,14.0,LinkedIn,Fully Meets,5.0,3.0,0,2019-01-14,0,2
116,Unknown,10218,0.0,3,Production,66149.0,0.0,Production Technician II,MA,1824,1983-12-08,Separated,US Citizen,No,American Indian or Alaska Native,2013-09-30,,N/A-StillEmployed,Active,Kissy Sullivan,20.0,Google Search,Fully Meets,4.4,5.0,0,2019-02-21,999,1
117,"Goyal, Roxana",10256,0.0,3,Production,49256.0,0.0,Production Technician I,MA,1864,1974-10-09,Married,US Citizen,No,Asian,2013-08-19,,Terminated,Active,Kissy Sullivan,20.0,LinkedIn,Fully Meets,4.1,5.0,0,2019-02-15,0,3
118,Unknown,10098,1.0,1,Production,62957.0,0.0,Production Manager,MA,1752,1981-07-11,Divorced,US Citizen,No,White,2015-06-02,,N/A-StillEmployed,Active,Janet King,2.0,Employee Referral,Fully Meets,4.63,3.0,0,2019-01-04,999,2
119,"Gross, Paula",10059,0.0,5,Production,63813.0,1.0,Production Technician I,MA,2176,1983-05-21,Divorced,US Citizen,No,Unknown,2011-02-21,2014-01-11,more money,Voluntarily Terminated,Kelley Spirea,18.0,Indeed,Fully Meets,5.0,5.0,0,2013-06-03,0,17
120,"Gruber, Hans",10234,1.0,1,IT/IS,99020.0,0.0,BI Developer,MA,2134,1989-06-30,Married,US Citizen,No,Black or African American,1900-01-01,,N/A-StillEmployed,Active,Brian Champaigne,13.0,Indeed,Fully Meets,4.2,5.0,0,2019-01-28,0,8
121,Unknown,10109,1.0,5,Sales,71707.0,1.0,Area Sales Manager,TN,37129,2069-02-09,Single,US Citizen,No,Two or more races,2012-03-07,2014-10-31,relocation out of area,Voluntarily Terminated,John Smith,17.0,LinkedIn,Fully Meets,4.5,5.0,0,2013-02-01,0,20
122,Unknown,10125,0.0,1,Production,54828.0,0.0,Production Technician I,MA,2127,1977-03-23,Married,US Citizen,No,Unknown,2011-11-28,,N/A-StillEmployed,Active,Michael Albert,22.0,Google Search,Fully Meets,4.2,4.0,0,2019-02-22,0,13
123,Unknown,10074,1.0,1,Production,64246.0,0.0,Production Technician II,MA,2155,1988-08-10,Single,US Citizen,Yes,Hispanic,2013-11-11,,Terminated,Active,Kelley Spirea,18.0,LinkedIn,Fully Meets,5.0,3.0,0,2019-01-08,0,20
124,"Harrington, Christie ",10097,0.0,5,Production,52177.0,1.0,Production Technician I,MA,2324,2052-08-18,Single,US Citizen,No,White,1900-01-01,2015-12-15,N/A-StillEmployed,Voluntarily Terminated,Webster Butler,39.0,CareerBuilder,Fully Meets,4.64,4.0,0,2015-05-02,0,8
125,"Harrison, Kara",10007,0.0,1,Production,62065.0,0.0,Production Technician I,MA,1886,1974-05-02,Married,US Citizen,No,White,2014-05-12,,Terminated,Active,Amy Dunn,11.0,Indeed,Exceeds,4.76,4.0,0,1900-01-01,0,5
126,"Heitzman, Anthony",10129,1.0,1,Production,46998.0,0.0,Production Technician I,MA,2149,1984-01-04,Single,US Citizen,No,Unknown,2012-08-13,,N/A-StillEmployed,Active,Ketsia Liebig,19.0,Google Search,Fully Meets,4.17,4.0,0,2019-02-11,0,1
127,"Hendrickson, Trina",10075,0.0,5,Production,68099.0,1.0,Production Technician II,MA,2021,2072-08-27,Single,US Citizen,No,Unknown,2011-01-10,2013-06-18,hours,Voluntarily Terminated,Kelley Spirea,18.0,CareerBuilder,Fully Meets,5.0,3.0,0,2013-01-30,999,15
128,"Hitchcock, Alfred",10167,1.0,1,Sales,70545.0,0.0,Area Sales Manager,NH,3062,1988-09-14,Married,US Citizen,No,American Indian or Alaska Native,2014-08-18,,Terminated,Active,John Smith,17.0,Indeed,Fully Meets,3.6,5.0,0,2019-01-30,999,9
129,"Homberger, Adrienne  J",10195,0.0,5,Production,63478.0,1.0,Production Technician II,MA,2445,1984-02-16,Married,Non-Citizen,No,White,2011-08-15,2012-04-07,relocation out of area,Voluntarily Terminated,Michael Albert,30.0,Indeed,Fully Meets,3.03,5.0,0,2012-03-05,999,16
130,Unknown,10112,0.0,1,IT/IS,97999.0,0.0,Database Administrator,MA,2493,1984-02-21,Single,US Citizen,No,Unknown,1900-01-01,,N/A-StillEmployed,Active,Simon Roup,4.0,Indeed,Fully Meets,4.48,5.0,0,2019-01-03,0,4
131,"Houlihan, Debra",10272,0.0,1,Sales,180000.0,0.0,Director of Sales,RI,2908,2066-03-17,Married,US Citizen,No,White,2014-05-05,,N/A-StillEmployed,Active,Janet King,2.0,LinkedIn,Fully Meets,4.5,4.0,0,1900-01-01,0,19
132,Unknown,10182,0.0,1,Admin Offices,49920.0,1.0,Administrative Assistant,MA,2170,1985-09-16,Married,US Citizen,No,Black or African American,2015-02-16,,"no-call, no-show",Terminated for Cause,Brandon R. LeBlanc,1.0,Indeed,Fully Meets,3.24,3.0,4,2015-04-15,0,6
133,"Hudson, Jane",10248,0.0,1,Production,55425.0,0.0,Production Technician I,MA,2176,1986-06-10,Single,US Citizen,No,Unknown,2012-02-20,,Terminated,Active,Ketsia Liebig,19.0,LinkedIn,Fully Meets,4.8,4.0,0,2019-01-07,0,4
134,"Hunts, Julissa",10201,0.0,2,Production,69340.0,0.0,Production Technician II,MA,2021,1984-03-11,Single,US Citizen,No,White,1900-01-01,,Terminated,Active,Elijiah Gray,16.0,LinkedIn,Fully Meets,3.0,5.0,0,1900-01-01,0,4
135,"Hutter, Rosalie",10214,0.0,2,Production,64995.0,0.0,Production Technician II,MA,2351,1992-05-07,Separated,US Citizen,No,White,2015-06-05,,Terminated,Active,Webster Butler,39.0,Indeed,Fully Meets,4.5,3.0,0,2019-02-14,0,6
136,"Huynh, Ming",10160,0.0,5,Production,68182.0,1.0,Production Technician II,MA,1742,1976-09-22,Divorced,US Citizen,No,White,2011-02-21,2013-04-01,N/A-StillEmployed,Voluntarily Terminated,Amy Dunn,11.0,Google Search,Fully Meets,3.72,3.0,0,2013-02-01,0,18
137,"Immediato, Walter",10289,1.0,5,Production,83082.0,1.0,Production Manager,MA,2128,1976-11-15,Married,US Citizen,No,Asian,2011-02-21,2012-09-24,N/A-StillEmployed,Voluntarily Terminated,Janet King,2.0,Indeed,Needs Improvement,2.34,2.0,0,2012-04-12,999,4
138,Unknown,10139,0.0,1,Production,51908.0,0.0,Production Technician I,MA,1775,1991-01-28,Single,US Citizen,No,White,2013-08-19,,N/A-StillEmployed,Active,Brannon Miller,12.0,Indeed,Fully Meets,3.99,3.0,0,2019-01-14,0,14
139,"Jackson, Maryellen",10227,0.0,1,Production,61242.0,0.0,Production Technician I,MA,2081,2072-09-11,Single,US Citizen,No,Unknown,2012-11-05,,Terminated,Active,David Stanley,14.0,LinkedIn,Fully Meets,4.1,3.0,0,2019-01-17,0,7
140,"Jacobi, Hannah  ",10236,0.0,1,Production,45069.0,0.0,Production Technician I,MA,1778,2066-03-22,Divorced,US Citizen,No,Unknown,2013-09-30,,N/A-StillEmployed,Active,Kissy Sullivan,20.0,Employee Referral,Fully Meets,4.3,5.0,0,2019-02-22,999,7
141,"Jeannite, Tayana",10009,0.0,1,Production,60724.0,0.0,Production Technician II,MA,1821,1986-11-06,Divorced,US Citizen,No,Unknown,2011-07-05,,N/A-StillEmployed,Active,Ketsia Liebig,19.0,LinkedIn,Exceeds,4.6,4.0,0,2019-02-25,0,11
142,"Jhaveri, Sneha  ",10060,0.0,1,Production,60436.0,0.0,Production Technician I,MA,2109,2064-04-13,Separated,US Citizen,No,White,2014-01-06,,N/A-StillEmployed,Active,Kelley Spirea,18.0,LinkedIn,Fully Meets,5.0,5.0,0,2019-01-21,0,9
143,"Johnson, George",10034,1.0,5,Production,46837.0,1.0,Production Technician I,MA,2445,2059-08-19,Married,US Citizen,No,White,2011-11-07,2018-04-29,more money,Voluntarily Terminated,Michael Albert,22.0,CareerBuilder,Exceeds,4.7,4.0,0,2018-02-14,0,9
144,Unknown,10156,0.0,3,IT/IS,105700.0,0.0,Database Administrator,MA,2301,1986-11-07,Married,US Citizen,No,Asian,2015-01-05,,Terminated,Active,Simon Roup,4.0,Indeed,Fully Meets,3.75,3.0,5,2019-02-11,0,2
145,"Johnston, Yen",10036,0.0,1,Production,63322.0,0.0,Production Technician II,MA,2128,2069-09-08,Single,US Citizen,No,Unknown,2014-07-07,,N/A-StillEmployed,Active,Brannon Miller,12.0,LinkedIn,Exceeds,4.3,3.0,0,2019-01-11,999,1
146,Unknown,10138,0.0,5,Production,61154.0,1.0,Production Technician I,MA,2446,1986-04-17,Married,US Citizen,No,Black or African American,2011-01-10,2016-04-01,unhappy,Voluntarily Terminated,Elijiah Gray,16.0,CareerBuilder,Fully Meets,4.0,4.0,0,2016-02-03,0,4
147,"Kampew, Donysha",10244,0.0,5,Sales,68999.0,1.0,Sales Manager,PA,19444,1989-11-11,Single,US Citizen,No,White,1900-01-01,2014-04-24,N/A-StillEmployed,Voluntarily Terminated,Debra Houlihan,15.0,Google Search,Fully Meets,4.5,5.0,0,2013-03-30,0,2
148,"Keatts, Kramer ",10192,1.0,1,Production,50482.0,0.0,Production Technician I,MA,1887,1976-01-19,Single,US Citizen,No,White,2013-09-30,,Terminated,Active,Michael Albert,22.0,Indeed,Fully Meets,3.07,4.0,0,2019-01-23,0,10
149,Unknown,10231,1.0,1,Sales,65310.0,0.0,Area Sales Manager,CO,80820,1979-11-27,Single,US Citizen,No,White,2013-08-19,,Terminated,Active,Lynn Daneault,21.0,Indeed,Fully Meets,4.3,5.0,0,2019-01-22,999,13
150,"King, Janet",10089,0.0,1,Executive Officer,250000.0,0.0,President & CEO,MA,1902,2054-09-21,Married,US Citizen,Yes,White,2012-07-02,,Terminated,Active,Board of Directors,9.0,Indeed,Fully Meets,4.83,3.0,0,2019-01-17,999,10
151,"Kinsella, Kathleen  ",10166,0.0,5,Production,54005.0,1.0,Production Technician I,MA,2170,2073-12-08,Married,US Citizen,No,Unknown,2011-09-26,2015-06-04,more money,Voluntarily Terminated,Webster Butler,39.0,Google Search,Fully Meets,3.6,5.0,0,2015-03-01,0,16
152,Unknown,10170,0.0,5,Production,45433.0,1.0,Production Technician I,MA,2127,2070-10-08,Married,US Citizen,No,White,2011-09-26,2014-01-09,N/A-StillEmployed,Voluntarily Terminated,Amy Dunn,11.0,Google Search,Fully Meets,3.49,4.0,0,2013-01-30,999,6
153,Unknown,10208,1.0,1,Production,46654.0,0.0,Production Technician I,MA,1721,1977-11-10,Single,US Citizen,No,Black or African American,2014-02-17,,N/A-StillEmployed,Active,Ketsia Liebig,19.0,LinkedIn,Fully Meets,3.1,3.0,0,2019-02-06,0,3
154,Unknown,10176,1.0,1,Production,63973.0,0.0,Production Technician I,MA,1801,1980-02-02,Married,US Citizen,No,Unknown,2011-01-10,,N/A-StillEmployed,Active,Brannon Miller,12.0,Indeed,Fully Meets,3.38,3.0,0,1900-01-01,999,17
155,Unknown,10165,1.0,1,Sales,71339.0,0.0,Area Sales Manager,NY,10171,2069-02-24,Single,US Citizen,Yes,Black or African American,2011-03-07,,N/A-StillEmployed,Active,John Smith,17.0,Diversity Job Fair,Fully Meets,3.65,5.0,0,2019-01-17,0,20
156,"Lajiri,  Jyoti",10113,1.0,3,IT/IS,93206.0,0.0,Sr. Network Engineer,MA,2169,1986-04-23,Married,US Citizen,No,White,2014-11-10,,N/A-StillEmployed,Active,Peter Monroe,7.0,Employee Referral,Fully Meets,4.46,5.0,6,2019-01-07,999,7
157,Unknown,10092,1.0,4,Production,82758.0,1.0,Production Manager,MA,1890,2072-07-01,Married,US Citizen,No,Unknown,2011-01-10,2015-12-12,attendance,Terminated for Cause,Janet King,2.0,Employee Referral,Fully Meets,4.78,4.0,0,2015-02-15,0,9
158,"Langford, Lindsey",10106,0.0,5,Production,66074.0,1.0,Production Technician II,MA,2090,1979-07-25,Divorced,US Citizen,No,Asian,2013-01-07,2014-03-31,Another position,Voluntarily Terminated,David Stanley,14.0,Indeed,Fully Meets,4.52,3.0,0,2014-02-20,0,20
159,Unknown,10052,1.0,1,Production,46120.0,0.0,Production Technician I,MA,2048,1986-12-09,Married,US Citizen,No,White,2012-07-09,,Terminated,Active,David Stanley,14.0,LinkedIn,Fully Meets,5.0,5.0,0,2019-02-04,999,13
160,"Larotonda, William  ",10038,1.0,1,Admin Offices,64520.0,0.0,Accountant I,MA,1460,1984-04-26,Divorced,US Citizen,No,Unknown,2014-01-06,,N/A-StillEmployed,Active,Brandon R. LeBlanc,1.0,Website,Fully Meets,5.0,4.0,0,2019-01-17,0,3
161,"Latif, Mohammed",10249,1.0,5,Production,61962.0,1.0,Production Technician II,MA,2126,1984-05-09,Married,US Citizen,No,White,2012-04-02,2013-04-15,more money,Voluntarily Terminated,Kissy Sullivan,20.0,Google Search,Fully Meets,4.9,3.0,0,2013-02-20,999,20
162,Unknown,10232,0.0,1,IT/IS,81584.0,0.0,Senior BI Developer,MA,1886,1987-06-14,Single,US Citizen,No,Asian,2016-10-02,,N/A-StillEmployed,Active,Brian Champaigne,13.0,Indeed,Fully Meets,4.1,5.0,7,1900-01-01,0,2
163,"Leach, Dallas",10087,0.0,5,Production,63676.0,1.0,Production Technician I,MA,1810,1979-01-17,Single,US Citizen,No,Asian,2011-09-26,2018-08-19,return to school,Voluntarily Terminated,Kissy Sullivan,20.0,CareerBuilder,Fully Meets,4.88,3.0,0,2017-07-02,999,17
164,"Leblanc, Brandon  R",10134,1.0,1,Admin Offices,93046.0,0.0,Shared Services Manager,MA,1460,1984-06-10,Married,US Citizen,No,White,1900-01-01,,N/A-StillEmployed,Active,Janet King,2.0,CareerBuilder,Fully Meets,4.1,4.0,0,2019-01-28,0,20
165,Unknown,10251,1.0,1,Production,64738.0,0.0,Production Technician I,MA,1776,1982-09-02,Married,US Citizen,No,Asian,2012-05-14,,N/A-StillEmployed,Active,Elijiah Gray,16.0,Google Search,Fully Meets,4.1,3.0,0,1900-01-01,999,10
166,"Leruth, Giovanni",10103,1.0,1,Sales,70468.0,0.0,Area Sales Manager,UT,84111,1988-12-27,Separated,US Citizen,No,Unknown,2012-04-30,,Terminated,Active,John Smith,17.0,Indeed,Fully Meets,4.53,3.0,0,2019-01-29,999,16
167,Unknown,10017,0.0,1,Production,77915.0,0.0,Production Manager,MA,2110,1981-10-26,Married,US Citizen,No,Unknown,2013-09-30,,Terminated,Active,Janet King,2.0,Website,Exceeds,4.1,3.0,0,2019-01-21,999,11
168,"Linares, Marilyn ",10186,0.0,5,Production,52624.0,1.0,Production Technician I,MA,1886,1981-03-26,Married,US Citizen,No,White,2011-07-05,2018-09-26,N/A-StillEmployed,Voluntarily Terminated,Michael Albert,22.0,Indeed,Fully Meets,3.18,4.0,0,2018-03-02,0,16
169,"Linden, Mathew",10137,1.0,3,Production,63450.0,0.0,Production Technician II,MA,1770,1979-03-19,Married,US Citizen,No,White,1900-01-01,,N/A-StillEmployed,Active,Kelley Spirea,18.0,LinkedIn,Fully Meets,4.0,3.0,0,2019-02-18,0,7
170,"Lindsay, Leonara ",10008,0.0,1,IT/IS,51777.0,0.0,IT Support,CT,6070,1988-10-05,Single,US Citizen,Yes,Hispanic,2011-01-21,,N/A-StillEmployed,Active,Eric Dougall,6.0,Diversity Job Fair,Exceeds,4.64,4.0,5,2019-01-25,0,14
171,"Lundy, Susan",10096,0.0,5,Production,67237.0,1.0,Production Technician II,MA,2122,1976-12-26,Widowed,US Citizen,No,Unknown,2013-07-08,2016-09-15,more money,Voluntarily Terminated,Michael Albert,22.0,LinkedIn,Fully Meets,4.65,4.0,0,2016-06-10,0,15
172,"Lunquist, Lisa",10035,0.0,1,Production,73330.0,0.0,Production Technician II,MA,2324,1982-03-28,Single,US Citizen,No,Black or African American,2013-08-19,,N/A-StillEmployed,Active,Elijiah Gray,16.0,Indeed,Exceeds,4.2,4.0,0,2019-02-12,0,19
173,"Lydon, Allison",10057,0.0,3,Production,52057.0,0.0,Production Technician I,MA,2122,1975-10-22,Married,US Citizen,No,Unknown,1900-01-01,,N/A-StillEmployed,Active,Elijiah Gray,16.0,Website,Fully Meets,5.0,3.0,0,2019-01-23,0,6
174,"Lynch, Lindsay",10004,0.0,5,Production,47434.0,1.0,Production Technician I,MA,1844,2073-02-14,Single,US Citizen,Yes,Black or African American,2011-11-07,2015-11-14,N/A-StillEmployed,Voluntarily Terminated,Webster Butler,39.0,Diversity Job Fair,Exceeds,5.0,4.0,0,1900-01-01,0,17
175,"Maclennan, Samuel",10191,1.0,5,Production,52788.0,1.0,Production Technician I,MA,1938,2072-11-09,Widowed,US Citizen,No,Unknown,2012-09-24,2017-09-26,hours,Voluntarily Terminated,Amy Dunn,11.0,Indeed,Fully Meets,3.08,4.0,0,2017-04-01,0,18
176,Unknown,10219,0.0,1,Production,45395.0,0.0,Production Technician I,MA,2189,1986-07-07,Single,US Citizen,No,White,2014-01-06,,N/A-StillEmployed,Active,Ketsia Liebig,19.0,LinkedIn,Fully Meets,4.6,4.0,0,2019-02-26,0,14
177,"Manchester, Robyn",10077,0.0,2,Production,62385.0,0.0,Production Technician II,MA,2324,1976-08-25,Married,US Citizen,No,White,2016-05-11,,Terminated,Active,Webster Butler,39.0,LinkedIn,Fully Meets,5.0,3.0,0,2019-01-21,0,4
178,Unknown,10073,0.0,5,Production,68407.0,1.0,Production Technician II,MA,2176,1986-12-10,Married,US Citizen,No,Two or more races,2011-07-05,2012-08-19,N/A-StillEmployed,Voluntarily Terminated,Amy Dunn,11.0,LinkedIn,Fully Meets,5.0,4.0,0,1900-01-01,0,16
179,Unknown,10279,0.0,1,Production,61349.0,0.0,Production Technician I,MA,2451,1974-11-07,Married,US Citizen,No,White,1900-01-01,,Terminated,Active,Brannon Miller,12.0,LinkedIn,Fully Meets,4.1,3.0,0,2019-01-22,999,11
180,"Martin, Sandra",10110,0.0,1,Software Engineering,105688.0,0.0,Software Engineer,MA,2135,1987-11-07,Single,US Citizen,No,Unknown,2013-11-11,,N/A-StillEmployed,Active,Alex Sweetwater,10.0,Google Search,Fully Meets,4.5,5.0,0,2019-01-14,0,14
181,Unknown,10053,0.0,1,Production,54132.0,0.0,Production Technician I,MA,2330,1977-11-22,Married,US Citizen,No,White,1900-01-01,,Terminated,Active,David Stanley,14.0,Indeed,Fully Meets,5.0,4.0,0,2019-01-10,999,8
182,Unknown,10076,0.0,1,Production,55315.0,0.0,Production Technician II,MA,2149,1987-05-21,Single,US Citizen,No,Unknown,1900-01-01,,N/A-StillEmployed,Active,Ketsia Liebig,19.0,LinkedIn,Fully Meets,5.0,5.0,0,2019-02-07,0,16
183,Unknown,10145,0.0,1,Production,62810.0,0.0,Production Technician I,MA,2184,1987-01-07,Married,US Citizen,No,Black or African American,1900-01-01,,N/A-StillEmployed,Active,Kissy Sullivan,20.0,Indeed,Fully Meets,3.93,3.0,0,2019-01-30,0,20
184,"Mckinzie, Jac",10202,1.0,2,Sales,63291.0,0.0,Area Sales Manager,TX,78789,1984-07-01,Married,US Citizen,No,Two or more races,2016-07-06,,Terminated,Active,Lynn Daneault,21.0,Website,Fully Meets,3.4,4.0,0,2019-01-29,0,7
185,"Meads, Elizabeth",10128,0.0,5,Production,62659.0,1.0,Production Technician I,MA,1760,2068-05-30,Single,US Citizen,No,Black or African American,2012-04-02,2016-11-11,N/A-StillEmployed,Voluntarily Terminated,Kelley Spirea,18.0,Diversity Job Fair,Fully Meets,4.18,4.0,0,2016-02-05,999,17
186,"Medeiros, Jennifer",10068,0.0,1,Production,55688.0,0.0,Production Technician I,MA,2346,1976-09-22,Single,US Citizen,No,White,1900-01-01,,N/A-StillEmployed,Active,Michael Albert,22.0,CareerBuilder,Fully Meets,5.0,4.0,0,2019-01-21,999,10
187,"Miller, Brannon",10116,1.0,1,Production,83667.0,0.0,Production Manager,MA,2045,1981-08-10,Single,US Citizen,Yes,Hispanic,1900-01-01,,N/A-StillEmployed,Active,Janet King,2.0,Indeed,Fully Meets,4.37,3.0,0,2019-01-14,0,2
188,"Miller, Ned",10298,1.0,5,Production,55800.0,1.0,Production Technician II,MA,2472,1985-06-29,Single,US Citizen,No,White,2011-08-15,2014-09-04,unhappy,Voluntarily Terminated,Brannon Miller,12.0,LinkedIn,PIP,3.0,2.0,0,1900-01-01,6,6
189,Unknown,10213,1.0,1,Production,58207.0,0.0,Production Technician II,MA,1450,1992-08-17,Married,US Citizen,No,White,2011-11-07,,Terminated,Active,David Stanley,14.0,Indeed,Fully Meets,3.7,3.0,0,2019-01-08,999,14
190,"Monroe, Peter",10288,1.0,1,IT/IS,157000.0,0.0,IT Manager - Infra,MA,2134,1986-10-05,Married,Eligible NonCitizen,Yes,Black or African American,2012-02-15,,N/A-StillEmployed,Active,Jennifer Zamora,5.0,Diversity Job Fair,Needs Improvement,2.39,3.0,0,2019-02-22,999,13
191,Unknown,10025,0.0,1,Production,72460.0,0.0,Production Technician II,MA,2126,2070-04-24,Single,US Citizen,No,Black or African American,2013-05-13,,N/A-StillEmployed,Active,Kissy Sullivan,20.0,Indeed,Exceeds,4.7,3.0,0,2019-01-14,0,1
192,"Moran, Patrick",10223,1.0,3,Production,72106.0,0.0,Production Technician II,MA,2127,1976-12-03,Single,US Citizen,No,Unknown,2012-01-09,,N/A-StillEmployed,Active,Kelley Spirea,18.0,Diversity Job Fair,Fully Meets,4.1,4.0,0,2019-01-31,0,12
193,Unknown,10151,0.0,1,IT/IS,52599.0,0.0,Network Engineer,MA,2048,1979-04-04,Married,US Citizen,No,White,1900-01-01,,N/A-StillEmployed,Active,Peter Monroe,7.0,CareerBuilder,Fully Meets,3.81,3.0,0,2019-02-11,0,6
194,"Motlagh,  Dawn",10254,0.0,1,Production,63430.0,0.0,Production Technician I,MA,2453,1984-07-07,Divorced,US Citizen,No,White,2013-04-01,,N/A-StillEmployed,Active,Elijiah Gray,16.0,LinkedIn,Fully Meets,4.4,4.0,0,2019-01-17,999,18
195,"Moumanil, Maliki ",10120,1.0,1,Production,74417.0,0.0,Production Technician II,MA,1460,1974-12-01,Separated,US Citizen,No,Black or African American,1900-01-01,,N/A-StillEmployed,Active,Michael Albert,22.0,LinkedIn,Fully Meets,4.29,5.0,0,2019-01-28,999,11
196,Unknown,10216,1.0,1,Production,57575.0,0.0,Production Technician I,MA,1550,1980-04-18,Single,US Citizen,No,Asian,2013-07-08,,N/A-StillEmployed,Active,Kissy Sullivan,20.0,LinkedIn,Fully Meets,4.1,4.0,0,2019-01-22,999,13
197,"Navathe, Kurt",10079,1.0,1,IT/IS,87921.0,0.0,Senior BI Developer,MA,2056,2070-04-25,Single,US Citizen,No,Unknown,2017-02-10,,N/A-StillEmployed,Active,Brian Champaigne,13.0,Indeed,Fully Meets,5.0,3.0,6,1900-01-01,999,17
198,"Ndzi, Colombui",10215,1.0,5,Production,50470.0,1.0,Production Technician I,MA,2110,1989-05-02,Single,US Citizen,No,Black or African American,2011-09-26,2014-04-04,return to school,Voluntarily Terminated,Webster Butler,39.0,Diversity Job Fair,Fully Meets,4.3,3.0,0,2013-03-02,0,19
199,"Ndzi, Horia",10185,1.0,5,Production,46664.0,1.0,Production Technician I,MA,2421,1983-03-28,Married,US Citizen,No,White,1900-01-01,2016-05-25,N/A-StillEmployed,Voluntarily Terminated,Amy Dunn,11.0,Employee Referral,Fully Meets,3.18,3.0,0,1900-01-01,0,10
200,"Newman, Richard ",10063,1.0,3,Production,48495.0,0.0,Production Technician I,MA,2136,1977-04-08,Married,US Citizen,No,White,1900-01-01,,N/A-StillEmployed,Active,Ketsia Liebig,19.0,LinkedIn,Fully Meets,5.0,5.0,0,2019-02-18,0,11
201,"Ngodup, Shari ",10037,0.0,1,Production,52984.0,0.0,Production Technician I,MA,1810,2067-06-03,Separated,US Citizen,No,Black or African American,2013-04-01,,Terminated,Active,Brannon Miller,12.0,Diversity Job Fair,Exceeds,4.0,3.0,0,2019-02-13,0,12
202,"Nguyen, Dheepa",10042,0.0,1,Sales,63695.0,0.0,Area Sales Manager,GA,30428,1989-03-31,Single,US Citizen,No,Two or more races,1900-01-01,,N/A-StillEmployed,Active,Lynn Daneault,21.0,Indeed,Fully Meets,5.0,5.0,0,2019-01-25,999,2
203,"Nguyen, Lei-Ming",10206,0.0,1,Production,62061.0,0.0,Production Technician I,MA,2132,1984-07-07,Single,US Citizen,No,Unknown,2013-07-08,,N/A-StillEmployed,Active,David Stanley,14.0,LinkedIn,Fully Meets,3.6,5.0,0,2019-01-02,999,4
204,Unknown,10104,0.0,1,Production,66738.0,0.0,Production Technician II,MA,1040,1985-11-23,Single,US Citizen,No,White,2014-11-10,,N/A-StillEmployed,Active,Elijiah Gray,16.0,Indeed,Fully Meets,4.53,5.0,0,1900-01-01,0,5
205,Unknown,10303,0.0,4,Production,52674.0,1.0,Production Technician I,MA,2152,1980-09-30,Single,US Citizen,No,Unknown,2014-03-31,2018-05-01,performance,Terminated for Cause,Kissy Sullivan,20.0,LinkedIn,PIP,2.33,2.0,0,2018-03-09,999,3
206,"Oliver, Brooke ",10078,0.0,5,Production,71966.0,1.0,Production Technician II,MA,2492,2052-02-11,Married,US Citizen,No,Asian,2012-05-14,2013-08-19,unhappy,Voluntarily Terminated,Webster Butler,39.0,LinkedIn,Fully Meets,5.0,3.0,0,2013-07-02,0,17
207,"Onque, Jasmine",10121,0.0,1,Sales,63051.0,0.0,Area Sales Manager,FL,33174,1990-05-11,Single,US Citizen,Yes,Hispanic,1900-01-01,,N/A-StillEmployed,Active,Lynn Daneault,21.0,Indeed,Fully Meets,4.28,3.0,0,2019-01-25,999,1
208,Unknown,10021,1.0,1,Production,47414.0,0.0,Production Technician I,MA,2478,1976-12-11,Married,US Citizen,No,Unknown,2013-09-30,,N/A-StillEmployed,Active,Kelley Spirea,18.0,LinkedIn,Exceeds,5.0,3.0,0,1900-01-01,0,13
209,Unknown,10281,1.0,1,Production,53060.0,0.0,Production Technician I,MA,1760,1979-11-24,Single,US Citizen,No,Black or African American,2014-02-17,,N/A-StillEmployed,Active,Michael Albert,22.0,LinkedIn,Needs Improvement,4.25,3.0,0,2019-02-04,4,6
210,Unknown,10041,1.0,1,Sales,68829.0,0.0,Area Sales Manager,NC,27229,1982-05-19,Single,US Citizen,No,White,2015-01-05,,Terminated,Active,John Smith,17.0,Website,Fully Meets,5.0,5.0,0,2019-01-14,0,18
211,"Panjwani, Nina",10148,0.0,5,Production,63515.0,1.0,Production Technician I,MA,2351,1979-05-01,Married,US Citizen,No,White,2011-02-07,2014-01-12,N/A-StillEmployed,Voluntarily Terminated,Elijiah Gray,16.0,Google Search,Fully Meets,3.89,4.0,0,2013-03-04,0,7
212,Unknown,10005,1.0,5,Software Engineering,108987.0,1.0,Software Engineer,MA,1844,1979-02-20,Single,US Citizen,No,Black or African American,1900-01-01,2015-09-07,Another position,Voluntarily Terminated,Alex Sweetwater,10.0,Diversity Job Fair,Exceeds,5.0,5.0,3,2015-08-16,0,13
213,Unknown,10259,1.0,5,IT/IS,93093.0,1.0,Data Analyst,MA,2747,1984-09-05,Married,US Citizen,No,Unknown,2014-12-01,2016-05-01,performance,Voluntarily Terminated,Simon Roup,4.0,Employee Referral,Fully Meets,4.7,4.0,5,1900-01-01,0,19
214,Unknown,10286,1.0,5,Production,53564.0,1.0,Production Technician I,MA,2458,1988-03-17,Single,US Citizen,No,Unknown,2011-01-10,2017-12-28,N/A-StillEmployed,Voluntarily Terminated,Webster Butler,39.0,Google Search,Needs Improvement,3.54,5.0,0,2017-04-06,999,15
215,Unknown,10297,0.0,5,Production,60270.0,1.0,Production Technician II,MA,2472,1989-07-18,Married,US Citizen,No,Unknown,2011-07-05,2015-09-15,unhappy,Voluntarily Terminated,Amy Dunn,11.0,CareerBuilder,Needs Improvement,2.4,5.0,0,1900-01-01,999,2
216,"Perry, Shakira",10171,0.0,5,Production,45998.0,1.0,Production Technician I,MA,2176,1986-07-20,Single,US Citizen,No,White,2011-05-16,2015-10-25,medical issues,Voluntarily Terminated,Amy Dunn,11.0,Indeed,Fully Meets,3.45,4.0,0,2014-05-13,0,5
217,"Peters, Lauren",10032,0.0,5,Production,57954.0,1.0,Production Technician II,MA,1886,1986-08-17,Married,US Citizen,No,Unknown,2011-05-16,2013-02-04,more money,Voluntarily Terminated,Ketsia Liebig,19.0,Indeed,Exceeds,4.2,5.0,0,2013-01-10,0,12
218,"Peterson, Ebonee  ",10130,0.0,5,Production,74669.0,1.0,Production Manager,MA,2030,1977-05-09,Married,US Citizen,No,White,2010-10-25,2016-05-18,Another position,Voluntarily Terminated,Janet King,2.0,Indeed,Fully Meets,4.16,5.0,0,2015-03-05,0,6
219,Unknown,10217,0.0,1,Production,74226.0,0.0,Production Technician II,MA,2050,1979-03-10,Married,Eligible NonCitizen,No,Asian,2012-04-02,,N/A-StillEmployed,Active,Brannon Miller,12.0,LinkedIn,Fully Meets,4.3,3.0,0,1900-01-01,0,14
220,"Petrowsky, Thelma",10016,0.0,1,IT/IS,93554.0,0.0,Data Analyst,MA,1886,1984-09-16,Married,US Citizen,No,Black or African American,2014-11-10,,Terminated,Active,Simon Roup,4.0,Employee Referral,Exceeds,4.6,5.0,7,1900-01-01,0,16
221,Unknown,10050,1.0,5,Production,64724.0,1.0,Production Technician I,MA,2451,1988-03-06,Married,US Citizen,No,Asian,2011-07-05,2012-11-30,more money,Voluntarily Terminated,Brannon Miller,12.0,Indeed,Fully Meets,5.0,3.0,0,2012-02-20,0,13
222,"Pitt, Brad ",10164,1.0,1,Production,47001.0,0.0,Production Technician I,MA,2451,1981-11-23,Single,US Citizen,No,Unknown,2007-11-05,,N/A-StillEmployed,Active,David Stanley,14.0,Google Search,Fully Meets,3.66,3.0,0,2019-02-25,999,15
223,Unknown,10124,0.0,1,Sales,61844.0,0.0,Area Sales Manager,KY,40220,1988-08-29,Married,US Citizen,No,Black or African American,2012-01-09,,Terminated,Active,Lynn Daneault,21.0,Website,Fully Meets,4.2,5.0,0,1900-01-01,0,9
224,Unknown,10187,0.0,5,Production,46799.0,1.0,Production Technician I,MA,1742,1984-10-15,Divorced,Eligible NonCitizen,No,Asian,2011-05-16,2018-06-04,N/A-StillEmployed,Voluntarily Terminated,Kissy Sullivan,20.0,Indeed,Fully Meets,3.17,4.0,0,2018-04-02,0,14
225,"Punjabhi, Louis  ",10225,1.0,1,Production,59472.0,0.0,Production Technician I,MA,2109,2061-06-19,Single,US Citizen,No,White,2014-01-06,,Terminated,Active,Kelley Spirea,18.0,Employee Referral,Fully Meets,4.8,3.0,0,1900-01-01,0,14
226,Unknown,10262,0.0,5,Production,46430.0,1.0,Production Technician I,MA,2474,2070-09-22,Divorced,US Citizen,No,White,1900-01-01,2013-06-18,unhappy,Voluntarily Terminated,Kissy Sullivan,20.0,Indeed,Fully Meets,4.5,5.0,0,2013-04-02,0,16
227,"Quinn, Sean",10131,1.0,5,Admin Offices,83363.0,1.0,Software Engineer,MA,2045,1984-11-06,Married,Eligible NonCitizen,No,Black or African American,1900-01-01,2015-08-15,career change,Voluntarily Terminated,Janet King,2.0,Indeed,Fully Meets,4.15,4.0,0,2014-04-19,0,4
228,"Rachael, Maggie",10239,0.0,1,IT/IS,95920.0,0.0,BI Developer,MA,2110,1980-05-12,Married,US Citizen,No,Black or African American,2016-10-02,,N/A-StillEmployed,Active,Brian Champaigne,13.0,Indeed,Fully Meets,4.4,4.0,6,2019-02-06,999,10
229,"Rarrick, Quinn",10152,1.0,5,Production,61729.0,1.0,Production Technician I,MA,2478,1984-12-31,Divorced,US Citizen,No,Unknown,2011-09-26,2018-04-07,N/A-StillEmployed,Voluntarily Terminated,Michael Albert,22.0,Indeed,Fully Meets,3.8,5.0,0,2018-02-04,999,19
230,Unknown,10140,1.0,1,Sales,61809.0,0.0,Area Sales Manager,ID,83706,2054-10-12,Married,US Citizen,No,White,2014-05-12,,N/A-StillEmployed,Active,John Smith,17.0,CareerBuilder,Fully Meets,3.98,3.0,0,2019-01-28,0,4
231,Unknown,10058,1.0,5,Production,45115.0,1.0,Production Technician I,MA,2176,1982-07-22,Divorced,US Citizen,Yes,White,2011-05-16,2016-01-15,retiring,Voluntarily Terminated,Elijiah Gray,16.0,LinkedIn,Fully Meets,5.0,4.0,0,2015-03-30,999,11
232,"Rivera, Haley  ",10011,0.0,1,Production,46738.0,0.0,Production Technician I,MA,2171,2073-01-12,Married,US Citizen,No,Asian,2011-11-28,,N/A-StillEmployed,Active,Webster Butler,39.0,Google Search,Exceeds,4.36,5.0,0,2019-02-11,0,16
233,"Roberson, May",10230,0.0,5,Production,64971.0,1.0,Production Technician II,MA,1902,1981-09-05,Divorced,Eligible NonCitizen,No,Black or African American,2011-09-26,2011-10-22,return to school,Voluntarily Terminated,David Stanley,14.0,Google Search,Fully Meets,4.5,4.0,0,2011-10-22,999,10
234,"Robertson, Peter",10224,1.0,5,Production,55578.0,1.0,Production Technician II,MA,2138,2072-07-03,Married,US Citizen,No,White,1900-01-01,2012-02-08,N/A-StillEmployed,Voluntarily Terminated,Kissy Sullivan,20.0,Indeed,Fully Meets,4.2,5.0,0,2012-01-06,0,13
235,"Robinson, Alain  ",10047,1.0,5,Production,50428.0,1.0,Production Technician I,MA,1420,1974-01-07,Married,US Citizen,No,Black or African American,2011-01-10,2016-01-26,attendance,Voluntarily Terminated,Amy Dunn,11.0,Indeed,Fully Meets,5.0,3.0,0,2015-01-10,0,11
236,Unknown,10285,0.0,4,Production,61422.0,1.0,Production Technician I,MA,1460,1985-01-07,Married,US Citizen,No,White,2011-01-10,2016-05-17,attendance,Terminated for Cause,Ketsia Liebig,19.0,Indeed,Needs Improvement,3.6,3.0,0,2016-04-05,4,16
237,"Robinson, Elias",10020,1.0,1,Production,63353.0,0.0,Production Technician I,MA,1730,1985-01-28,Widowed,US Citizen,No,White,1900-01-01,,N/A-StillEmployed,Active,Brannon Miller,12.0,Employee Referral,Exceeds,3.6,5.0,0,2019-02-11,0,4
238,"Roby, Lori ",10162,0.0,1,IT/IS,89883.0,0.0,Data Analyst,MA,1886,1981-10-11,Married,US Citizen,No,White,2015-02-16,,Terminated,Active,Simon Roup,4.0,Employee Referral,Fully Meets,3.69,5.0,0,2019-02-14,0,15
239,"Roehrich, Bianca",10149,0.0,5,IT/IS,120000.0,1.0,Principal Data Architect,MA,2703,2073-05-27,Single,US Citizen,Yes,White,2015-01-05,2018-11-10,Another position,Voluntarily Terminated,Simon Roup,4.0,LinkedIn,Fully Meets,3.88,3.0,7,1900-01-01,0,12
240,Unknown,10086,0.0,1,IT/IS,150290.0,0.0,Data Architect,Ma,2056,2072-11-21,Single,US Citizen,No,Black or African American,2017-01-07,,Terminated,Active,Brian Champaigne,13.0,Indeed,Fully Meets,4.94,3.0,0,1900-01-01,0,17
241,Unknown,10054,0.0,1,Production,60627.0,0.0,Production Technician I,MA,1886,1974-12-05,Separated,US Citizen,No,Unknown,2014-01-06,,N/A-StillEmployed,Active,David Stanley,14.0,Website,Fully Meets,5.0,4.0,0,2019-01-31,999,8
242,"Rossetti, Bruno",10065,1.0,5,Production,53180.0,1.0,Production Technician I,MA,2155,1987-03-18,Single,US Citizen,No,White,2011-04-04,2018-08-13,N/A-StillEmployed,Voluntarily Terminated,Kissy Sullivan,20.0,Google Search,Fully Meets,5.0,5.0,0,2018-07-02,0,4
243,Unknown,10198,1.0,1,IT/IS,140920.0,0.0,IT Manager - DB,MA,2481,2073-04-05,Single,US Citizen,No,White,2013-01-20,,Terminated,Active,Jennifer Zamora,5.0,Indeed,Fully Meets,3.6,5.0,7,2019-02-18,0,13
244,"Ruiz, Ricardo",10222,1.0,5,IT/IS,148999.0,1.0,IT Manager - DB,MA,1915,2064-01-04,Divorced,US Citizen,No,Black or African American,1900-01-01,2015-11-04,hours,Voluntarily Terminated,Jennifer Zamora,5.0,Diversity Job Fair,Fully Meets,4.3,4.0,6,2015-01-04,0,8
245,"Saada, Adell",10126,0.0,1,Software Engineering,86214.0,0.0,Software Engineer,MA,2132,1986-07-24,Married,US Citizen,No,White,2012-11-05,,Terminated,Active,Alex Sweetwater,10.0,Indeed,Fully Meets,4.2,3.0,6,2019-02-13,0,2
246,Unknown,10295,0.0,2,Production,47750.0,0.0,Production Technician I,MA,1801,2068-06-06,Single,US Citizen,No,Unknown,2016-07-04,,N/A-StillEmployed,Active,Kelley Spirea,18.0,Diversity Job Fair,Needs Improvement,2.6,4.0,0,1900-01-01,999,4
247,Unknown,10260,1.0,5,Production,46428.0,1.0,Production Technician I,MA,2148,1974-12-21,Single,US Citizen,No,Unknown,1900-01-01,2018-07-30,relocation out of area,Voluntarily Terminated,Michael Albert,22.0,Google Search,Fully Meets,4.6,5.0,0,2018-02-05,999,7
248,Unknown,10233,1.0,1,Production,57975.0,0.0,Production Technician II,MA,2062,1986-04-26,Married,US Citizen,No,White,2010-08-30,,N/A-StillEmployed,Active,Kelley Spirea,18.0,CareerBuilder,Fully Meets,4.1,3.0,0,1900-01-01,999,13
249,"Salter, Jason",10229,1.0,5,IT/IS,88527.0,1.0,Data Analyst ,MA,2452,1987-12-17,Divorced,US Citizen,No,Black or African American,2015-01-05,2015-10-31,hours,Voluntarily Terminated,Simon Roup,4.0,LinkedIn,Fully Meets,4.2,3.0,5,2015-04-20,999,2
250,Unknown,10169,0.0,1,Production,56147.0,0.0,Production Technician I,MA,2154,1988-07-10,Married,US Citizen,No,Black or African American,2014-09-29,,N/A-StillEmployed,Active,Elijiah Gray,16.0,LinkedIn,Fully Meets,3.51,3.0,0,2019-02-18,0,2
251,"Sewkumar, Nori",10071,0.0,3,Production,50923.0,0.0,Production Technician I,MA,2191,1975-03-10,Single,US Citizen,No,Asian,1900-01-01,,N/A-StillEmployed,Active,Webster Butler,39.0,Google Search,Fully Meets,5.0,5.0,0,2019-02-06,999,14
252,Unknown,10179,0.0,1,IT/IS,50750.0,0.0,Network Engineer,MA,1773,1981-04-14,Married,US Citizen,No,White,2014-09-30,,N/A-StillEmployed,Active,Peter Monroe,7.0,LinkedIn,Fully Meets,3.31,3.0,6,2019-01-07,999,7
253,Unknown,10091,0.0,1,Production,52087.0,0.0,Production Technician I,MA,2149,1985-08-24,Married,US Citizen,No,White,2013-08-19,,N/A-StillEmployed,Active,Amy Dunn,11.0,LinkedIn,Fully Meets,4.81,4.0,0,2019-02-15,0,15
254,"Simard, Kramer",10178,1.0,1,IT/IS,87826.0,0.0,Data Analyst,MA,2110,2070-02-08,Married,US Citizen,Yes,White,2015-01-05,,N/A-StillEmployed,Active,Simon Roup,4.0,Employee Referral,Fully Meets,3.32,3.0,0,2019-01-14,0,16
255,"Singh, Nan ",10039,0.0,1,Admin Offices,51920.0,0.0,Administrative Assistant,MA,2330,1988-05-19,Single,US Citizen,No,White,2015-05-01,,N/A-StillEmployed,Active,Brandon R. LeBlanc,1.0,Website,Fully Meets,5.0,3.0,0,2019-01-15,999,2
256,Unknown,10095,0.0,5,Production,63878.0,1.0,Production Technician II,MA,1851,1987-11-25,Single,US Citizen,No,Unknown,2009-10-26,2015-04-08,maternity leave - did not return,Voluntarily Terminated,Michael Albert,22.0,Indeed,Fully Meets,4.68,4.0,0,2015-04-02,999,20
257,Unknown,10027,1.0,1,Production,60656.0,0.0,Production Technician II,MA,2045,2063-10-30,Single,US Citizen,No,White,1900-01-01,,N/A-StillEmployed,Active,Elijiah Gray,16.0,Indeed,Exceeds,4.3,3.0,0,2019-01-28,999,4
258,"Smith, John",10291,1.0,1,Sales,72992.0,0.0,Sales Manager,MA,1886,1984-08-16,Divorced,US Citizen,No,Unknown,2014-05-18,,Terminated,Active,Debra Houlihan,15.0,Diversity Job Fair,Needs Improvement,2.4,4.0,0,2019-01-16,999,16
259,Unknown,10153,0.0,5,Admin Offices,55000.0,1.0,Administrative Assistant,MA,1844,1987-06-14,Married,US Citizen,No,Black or African American,2011-09-26,2013-09-25,career change,Voluntarily Terminated,Brandon R. LeBlanc,1.0,Diversity Job Fair,Fully Meets,3.8,4.0,4,1900-01-01,0,17
260,Unknown,10157,0.0,1,Production,58939.0,0.0,Production Technician I,MA,2130,2065-02-02,Single,US Citizen,No,Unknown,2013-11-11,,N/A-StillEmployed,Active,Ketsia Liebig,19.0,Employee Referral,Fully Meets,3.73,3.0,0,1900-01-01,999,16
261,Unknown,10119,0.0,1,IT/IS,66593.0,0.0,IT Support,MA,2360,2073-03-12,Married,US Citizen,No,Black or African American,2011-06-10,,N/A-StillEmployed,Active,Eric Dougall,6.0,LinkedIn,Fully Meets,4.3,3.0,5,2019-02-08,0,19
262,"Soze, Keyser",10180,1.0,2,IT/IS,87565.0,0.0,Sr. Network Engineer,MA,1545,1983-02-09,Married,US Citizen,No,Unknown,2016-06-30,,N/A-StillEmployed,Active,Peter Monroe,7.0,LinkedIn,Fully Meets,3.27,4.0,5,2019-01-14,999,13
263,"Sparks, Taylor  ",10302,0.0,1,Production,64021.0,0.0,Production Technician I,MA,2093,2068-07-20,Married,US Citizen,No,White,2012-02-20,,N/A-StillEmployed,Active,Brannon Miller,12.0,Indeed,PIP,2.4,2.0,0,2019-02-25,6,20
264,"Spirea, Kelley",10090,0.0,1,Production,65714.0,0.0,Production Manager,MA,2451,1975-09-30,Married,US Citizen,No,White,2012-10-02,,N/A-StillEmployed,Active,Janet King,2.0,LinkedIn,Fully Meets,4.83,5.0,0,2019-02-14,0,15
265,"Squatrito, Kristen",10030,0.0,5,Production,62425.0,1.0,Production Technician I,MA,2359,2073-03-26,Divorced,US Citizen,No,Unknown,2013-05-13,2015-06-29,unhappy,Voluntarily Terminated,David Stanley,14.0,LinkedIn,Exceeds,4.1,4.0,0,1900-01-01,0,16
266,"Stanford,Barbara  M",10278,0.0,1,Production,47961.0,0.0,Production Technician I,MA,2050,1982-08-25,Divorced,US Citizen,No,Unknown,2011-01-10,,N/A-StillEmployed,Active,Kissy Sullivan,20.0,Indeed,Fully Meets,4.1,4.0,0,2019-02-07,0,9
267,Unknown,10307,1.0,1,Sales,58273.0,0.0,Area Sales Manager,NV,89139,1974-05-09,Married,US Citizen,No,White,1900-01-01,,N/A-StillEmployed,Active,Lynn Daneault,21.0,Website,PIP,1.81,2.0,0,2019-01-17,999,5
268,Unknown,10147,1.0,1,Admin Offices,63003.0,0.0,Accountant I,MA,2703,1986-09-01,Single,US Citizen,No,White,2014-09-29,,N/A-StillEmployed,Active,Brandon R. LeBlanc,1.0,Indeed,Fully Meets,3.9,5.0,5,2019-01-18,0,9
269,"Stoica, Rick",10266,1.0,1,Production,61355.0,0.0,Production Technician I,MA,2301,1985-03-14,Married,US Citizen,No,Asian,1900-01-01,,N/A-StillEmployed,Active,Kelley Spirea,18.0,LinkedIn,Fully Meets,4.7,3.0,0,2019-01-11,0,4
270,"Strong, Caitrin",10241,0.0,1,Sales,60120.0,0.0,Area Sales Manager,MT,59102,1989-05-12,Married,US Citizen,No,Unknown,2010-09-27,,N/A-StillEmployed,Active,John Smith,17.0,Indeed,Fully Meets,4.1,4.0,0,2019-01-31,0,18
271,Unknown,10158,0.0,1,Production,63682.0,0.0,Production Manager,MA,1776,1978-03-28,Married,US Citizen,No,Black or African American,2009-01-08,,Terminated,Active,Janet King,2.0,Indeed,Fully Meets,3.73,4.0,0,2019-01-24,999,12
272,Unknown,10117,1.0,1,Production,63025.0,0.0,Production Technician I,MA,2747,1982-10-07,Married,US Citizen,Yes,White,2015-01-05,,Terminated,Active,Michael Albert,22.0,Google Search,Fully Meets,4.36,5.0,0,2019-01-24,999,10
273,Unknown,10209,0.0,1,Production,59238.0,0.0,Production Technician I,MA,2718,2068-08-15,Single,US Citizen,No,Asian,2012-05-14,,Terminated,Active,Elijiah Gray,16.0,Indeed,Fully Meets,3.4,5.0,0,2019-01-31,999,13
274,Unknown,10024,1.0,1,Software Engineering,92989.0,0.0,Software Engineer,MA,2140,1983-05-06,Single,US Citizen,No,White,2014-07-07,,N/A-StillEmployed,Active,Alex Sweetwater,10.0,LinkedIn,Exceeds,4.5,5.0,5,2019-02-18,0,1
275,Unknown,10173,1.0,1,IT/IS,90100.0,0.0,BI Developer,MA,2134,1987-10-24,Married,US Citizen,No,Unknown,1900-01-01,,N/A-StillEmployed,Active,Brian Champaigne,13.0,Indeed,Fully Meets,3.4,3.0,0,2019-01-02,999,14
276,Unknown,10221,0.0,5,Production,60754.0,1.0,Production Technician I,MA,1801,1975-04-03,Married,US Citizen,No,Black or African American,2009-04-27,2013-04-01,Another position,Voluntarily Terminated,Webster Butler,39.0,Diversity Job Fair,Fully Meets,4.5,5.0,0,2012-02-15,0,11
277,"Tejeda, Lenora ",10146,0.0,5,Production,72202.0,1.0,Production Technician II,MA,2129,2053-05-24,Married,US Citizen,No,White,1900-01-01,2017-07-08,Another position,Voluntarily Terminated,Elijiah Gray,16.0,Google Search,Fully Meets,3.93,3.0,0,1900-01-01,0,3
278,"Terry, Sharlene ",10161,0.0,1,Sales,58370.0,0.0,Area Sales Manager,OR,97756,2065-05-07,Single,US Citizen,No,Unknown,2014-09-29,,Terminated,Active,Lynn Daneault,21.0,Indeed,Fully Meets,3.69,3.0,0,2019-01-28,999,18
279,Unknown,10141,0.0,5,Production,48413.0,1.0,Production Technician I,MA,2066,2065-05-09,Single,US Citizen,No,Unknown,2011-07-05,2016-09-05,return to school,Voluntarily Terminated,Amy Dunn,11.0,Indeed,Fully Meets,3.98,4.0,0,2016-03-02,0,1
280,Unknown,10268,1.0,5,Production,67176.0,1.0,Production Technician II,MA,2472,1975-09-16,Widowed,US Citizen,No,Unknown,1900-01-01,2010-08-30,military,Voluntarily Terminated,Webster Butler,39.0,Other,Fully Meets,4.1,4.0,0,2010-07-14,0,15
281,Unknown,10123,0.0,1,Production,56339.0,0.0,Production Technician I,MA,2093,2067-06-05,Divorced,US Citizen,No,Black or African American,2013-02-18,,N/A-StillEmployed,Active,Brannon Miller,12.0,Indeed,Fully Meets,4.21,5.0,0,2019-01-14,999,4
282,Unknown,10013,1.0,1,Sales,64397.0,0.0,Area Sales Manager,ND,58782,2068-01-15,Separated,US Citizen,No,White,1900-01-01,,Terminated,Active,Lynn Daneault,21.0,Indeed,Exceeds,4.1,3.0,0,2019-01-04,0,6
283,"Trang, Mei",10287,0.0,1,Production,63025.0,0.0,Production Technician I,MA,2021,1983-05-16,Single,US Citizen,No,White,1900-01-01,,Terminated,Active,David Stanley,14.0,LinkedIn,Needs Improvement,2.44,5.0,0,2019-02-11,999,18
284,Unknown,10044,1.0,5,IT/IS,75281.0,1.0,Network Engineer,MA,1420,1988-05-05,Married,US Citizen,No,White,2015-01-05,2016-02-12,N/A-StillEmployed,Voluntarily Terminated,Peter Monroe,7.0,CareerBuilder,Fully Meets,5.0,3.0,0,2015-04-15,0,11
285,"True, Edward",10102,1.0,5,Software Engineering,100416.0,1.0,Software Engineer,Ma,2451,1983-06-14,Single,Non-Citizen,No,Black or African American,1900-01-01,2018-04-15,N/A-StillEmployed,Voluntarily Terminated,Alex Sweetwater,10.0,Diversity Job Fair,Fully Meets,4.6,3.0,4,2017-02-12,0,9
286,"Trzeciak, Cybil",10270,0.0,5,Production,74813.0,1.0,Production Technician II,MA,1778,1985-03-15,Single,US Citizen,No,White,2011-01-10,2014-07-02,unhappy,Voluntarily Terminated,Amy Dunn,11.0,LinkedIn,Fully Meets,4.4,3.0,0,1900-01-01,0,5
287,Unknown,10045,1.0,1,IT/IS,76029.0,0.0,Network Engineer,MA,2343,2069-03-31,Married,Eligible NonCitizen,No,Unknown,2015-03-30,,Terminated,Active,Peter Monroe,7.0,Indeed,Fully Meets,5.0,4.0,0,1900-01-01,999,8
288,"Valentin,Jackie",10205,0.0,1,Sales,57859.0,0.0,Area Sales Manager,AZ,85006,1991-05-23,Married,US Citizen,No,Two or more races,2011-07-05,,Terminated,Active,John Smith,17.0,Indeed,Fully Meets,2.81,3.0,0,1900-01-01,999,16
289,"Veera, Abdellah ",10014,1.0,5,Production,58523.0,1.0,Production Technician I,MA,2171,1987-01-31,Divorced,US Citizen,No,White,1900-01-01,2016-02-05,maternity leave - did not return,Voluntarily Terminated,Kissy Sullivan,20.0,LinkedIn,Exceeds,4.5,5.0,0,2016-02-01,999,15
290,Unknown,10144,1.0,1,Production,88976.0,0.0,Production Manager,MA,2169,2068-10-10,Divorced,US Citizen,No,Unknown,1900-01-01,,N/A-StillEmployed,Active,Janet King,2.0,Employee Referral,Fully Meets,3.93,3.0,0,1900-01-01,0,19
291,Unknown,10253,1.0,1,Sales,55875.0,0.0,Area Sales Manager,ME,4063,1989-07-11,Single,US Citizen,No,Asian,1900-01-01,,Terminated,Active,John Smith,17.0,Website,Fully Meets,4.5,4.0,0,1900-01-01,0,11
292,"Voldemort, Lord",10118,1.0,4,IT/IS,113999.0,1.0,Database Administrator,MA,1960,1986-08-07,Married,US Citizen,No,Black or African American,1900-01-01,2017-02-22,N/A-StillEmployed,Terminated for Cause,Simon Roup,4.0,Employee Referral,Fully Meets,4.33,3.0,0,2017-02-15,0,9
293,"Volk, Colleen",10022,0.0,4,Production,49773.0,1.0,Production Technician I,MA,2747,1986-06-03,Married,US Citizen,No,White,2011-09-26,2016-02-08,gross misconduct,Terminated for Cause,Kelley Spirea,18.0,Google Search,Exceeds,4.3,5.0,0,2015-02-01,999,18
294,"Von Massenbach, Anna",10183,0.0,2,Production,62068.0,0.0,Production Technician I,MA,2124,1985-04-06,Single,US Citizen,No,White,1900-01-01,,Terminated,Active,Michael Albert,22.0,LinkedIn,Fully Meets,3.21,3.0,0,2019-01-29,0,7
295,"Walker, Roger",10190,1.0,1,Production,66541.0,0.0,Production Technician II,MA,2459,1976-02-10,Single,US Citizen,No,Black or African American,2014-08-18,,Terminated,Active,Ketsia Liebig,19.0,Employee Referral,Fully Meets,3.11,5.0,0,2019-02-12,999,4
296,Unknown,10274,0.0,5,Production,80512.0,1.0,Production Manager,MA,2478,2055-11-14,Married,US Citizen,No,Black or African American,2011-09-26,2012-01-02,Another position,Voluntarily Terminated,Janet King,2.0,Diversity Job Fair,Fully Meets,4.5,3.0,0,2012-01-02,999,5
297,Unknown,10293,0.0,5,Production,50274.0,1.0,Production Technician I,MA,1887,1980-08-02,Single,US Citizen,No,White,2012-08-13,2015-09-01,career change,Voluntarily Terminated,Elijiah Gray,16.0,CareerBuilder,Needs Improvement,2.5,3.0,0,1900-01-01,6,13
298,Unknown,10172,1.0,1,IT/IS,84903.0,0.0,Senior BI Developer,MA,1887,1981-07-08,Single,US Citizen,No,Unknown,2017-02-15,,N/A-StillEmployed,Active,Brian Champaigne,13.0,Indeed,Fully Meets,3.42,4.0,0,2019-01-04,999,17
299,Unknown,10127,0.0,1,IT/IS,107226.0,0.0,Sr. Network Engineer,MA,2453,1978-05-02,Widowed,US Citizen,No,Unknown,2015-03-30,,Terminated,Active,Peter Monroe,7.0,Employee Referral,Fully Meets,4.2,4.0,8,2019-02-05,999,7
300,Unknown,10072,1.0,5,Production,58371.0,1.0,Production Technician I,MA,2030,1987-05-24,Single,US Citizen,Yes,Hispanic,1900-01-01,2014-05-15,hours,Voluntarily Terminated,Webster Butler,39.0,LinkedIn,Fully Meets,5.0,5.0,0,1900-01-01,0,11
301,"Wilber, Barry",10048,1.0,5,Production,55140.0,1.0,Production Technician I,MA,2324,2065-09-09,Married,Eligible NonCitizen,No,White,2011-05-16,2015-09-07,N/A-StillEmployed,Voluntarily Terminated,Amy Dunn,11.0,Website,Fully Meets,5.0,3.0,0,2015-02-15,0,7
302,Unknown,10204,0.0,5,Production,58062.0,1.0,Production Technician I,MA,1876,1983-07-30,Divorced,US Citizen,No,White,1900-01-01,2012-05-14,Another position,Voluntarily Terminated,Ketsia Liebig,19.0,Google Search,Fully Meets,3.6,5.0,0,2011-02-06,0,9
303,"Williams, Jacquelyn  ",10264,0.0,5,Production,59728.0,1.0,Production Technician I,MA,2109,2069-10-02,Single,US Citizen,Yes,Black or African American,2012-01-09,2015-06-27,relocation out of area,Voluntarily Terminated,Ketsia Liebig,19.0,Diversity Job Fair,Fully Meets,4.3,4.0,0,2014-06-02,0,16
304,Unknown,10033,1.0,5,Production,70507.0,1.0,Production Technician II,MA,2045,2058-11-07,Single,US Citizen,No,White,1900-01-01,2016-02-21,retiring,Voluntarily Terminated,Brannon Miller,12.0,Indeed,Exceeds,5.0,3.0,0,2016-01-19,0,7
305,Unknown,10174,0.0,1,Production,60446.0,0.0,Production Technician II,MA,2302,1985-04-20,Single,US Citizen,No,White,2014-09-29,,N/A-StillEmployed,Active,David Stanley,14.0,LinkedIn,Fully Meets,3.4,4.0,0,2019-02-21,999,14
306,"Woodson, Jason",10135,1.0,1,Production,65893.0,0.0,Production Technician II,MA,1810,1985-05-11,Single,US Citizen,No,Unknown,1900-01-01,,Terminated,Active,Kissy Sullivan,20.0,LinkedIn,Fully Meets,4.07,4.0,0,2019-02-28,0,13
307,"Ybarra, Catherine ",10301,0.0,5,Production,48513.0,1.0,Production Technician I,MA,2458,1982-05-04,Single,US Citizen,No,Asian,2008-09-02,2015-09-29,Another position,Voluntarily Terminated,Brannon Miller,12.0,Google Search,PIP,3.2,2.0,0,2015-09-02,999,4
308,Unknown,10010,0.0,1,IT/IS,220450.0,0.0,CIO,MA,2067,1979-08-30,Single,US Citizen,No,Unknown,2010-04-10,,N/A-StillEmployed,Active,Janet King,2.0,Employee Referral,Exceeds,4.6,5.0,6,2019-02-21,0,16
309,Unknown,10043,0.0,1,IT/IS,89292.0,0.0,Data Analyst,MA,2148,1979-02-24,Single,US Citizen,No,Unknown,1900-01-01,,N/A-StillEmployed,Active,Simon Roup,4.0,Employee Referral,Fully Meets,5.0,3.0,0,2019-02-01,999,11
310,"Zima, Colleen",10271,0.0,1,Production,45046.0,0.0,Production Technician I,MA,1730,1978-08-17,Widowed,US Citizen,No,Asian,1900-01-01,,Terminated,Active,David Stanley,14.0,LinkedIn,Fully Meets,4.5,5.0,0,2019-01-30,999,2
